state,rho_global_mean,rho_season_sd,fI_global_mean,fI_season_sd,fR_global_mean,fR_season_sd,psi_1,psi_2,phi_global_mean,phi_season_sd,kappa_global_mean,kappa_season_sd,omega,nu,alpha_inv,rho_state,fI_state,fR_state,phi_state,kappa_state,delta_beta_state_mean_0,delta_beta_state_mean_1,delta_beta_state_mean_2,delta_beta_state_mean_3,delta_beta_state_mean_4,delta_beta_state_mean_5,delta_beta_state_mean_6,delta_beta_state_mean_7,delta_beta_state_mean_8,delta_beta_state_mean_9,delta_beta_state_mean_10,delta_beta_state_mean_11,delta_beta_state_mean_12,delta_beta_state_mean_13,delta_beta_state_mean_14,delta_beta_state_mean_15,delta_beta_state_mean_16,delta_beta_state_mean_17,delta_beta_state_mean_18,delta_beta_state_mean_19,delta_beta_state_mean_20,delta_beta_state_mean_21,delta_beta_state_mean_22,delta_beta_state_mean_23,delta_beta_state_mean_24,delta_beta_state_mean_25
AL,0.009901063210531578,0.36700595191274077,0.00010989849553330917,0.43603279060436995,0.34897373994329306,0.011123420409365104,0.5533546345075732,0.3621317255984923,0.2550380782895456,0.20022527446029778,0.8354353708412983,0.13352079929553018,0.005725828182389957,0.4275149094322144,0.0026651648376013193,0.9121287237762534,1.0918574959922591,1.0000018469383543,0.9324809731552208,0.9895241358659058,0.0002290567748638375,-0.02747254467275586,0.0614944642268546,0.17083903988378485,0.09979363403126743,0.02507138374224222,0.03634992405965221,0.1347504176285096,0.1712554438869017,0.35237325425392285,0.12247712163921612,0.0012511738540810782,-0.18244927722641688,-0.08715685476085383,0.060536930050858584,-0.03473256710324184,0.08445263744134782,0.03296116424566005,-0.06681579726314107,-0.018178471032386845,0.07750973827570887,-0.05379104677143573,-0.05421932661541572,0.0068926070859445035,-0.14037802488310624,-0.10853714675869888
AK,0.009901063210531578,0.36700595191274077,0.00010989849553330917,0.43603279060436995,0.34897373994329306,0.011123420409365104,0.5533546345075732,0.3621317255984923,0.2550380782895456,0.20022527446029778,0.8354353708412983,0.13352079929553018,0.005725828182389957,0.4275149094322144,0.002372202385977888,1.6604114546926847,2.1835917248395864,1.0021765519122239,0.8885867076578158,1.094046890186088,0.001615974415102371,0.08634427712601289,0.01139359525829975,0.1306957239695165,-0.200535418656752,0.023065497217260592,0.02477329089364523,0.12354737487331206,-0.11156020896441926,0.14349254827964925,0.10375556346549256,0.09212562691744033,-0.11275441834938929,-0.01940822102181547,-0.09332363937301374,0.000913874913004289,-0.06830524404278882,-0.00901534206369966,-0.129030843701116,0.1459980486282471,0.034300855654150586,-0.08965713593081466,0.015944445614423243,0.03329802591865805,-0.041405974244181576,-0.0978596223907158
AZ,0.009901063210531578,0.36700595191274077,0.00010989849553330917,0.43603279060436995,0.34897373994329306,0.011123420409365104,0.5533546345075732,0.3621317255984923,0.2550380782895456,0.20022527446029778,0.8354353708412983,0.13352079929553018,0.005725828182389957,0.4275149094322144,0.004221799442940499,2.627194645155823,0.35329738754320184,0.9999973858048775,1.066488829629611,1.3858820934458467,0.07537905716029727,0.1472201590254908,-0.09508919331899478,0.2071785171365905,0.13323028308177987,0.07069722739115875,0.017941392869164963,0.09523601519868814,0.11528983542260211,0.18042173698118102,0.17838479852420291,-0.029807394567297796,-0.22061812427096264,-0.08903404529156082,0.05114924627777404,-0.037347016404598816,-0.0462627419422289,0.007925067596800152,-0.01609519434701819,0.004850884118043568,-0.09246747349317998,-0.040366454864952356,-0.06183055244477966,-0.05033647662319203,-0.1790825660655553,0.00331750961769975
AR,0.009901063210531578,0.36700595191274077,0.00010989849553330917,0.43603279060436995,0.34897373994329306,0.011123420409365104,0.5533546345075732,0.3621317255984923,0.2550380782895456,0.20022527446029778,0.8354353708412983,0.13352079929553018,0.005725828182389957,0.4275149094322144,0.0029833830000826622,1.3468715765922483,0.7840975194488011,0.9999832707181393,1.1044122835771721,1.1274017983893754,-0.07202464243415631,-0.049075724280577424,0.09711144798861643,0.0895025595552314,-0.014236131889584914,0.14195905834001632,0.04656824534934027,0.009530723456632334,0.10842930647984432,0.18890763654791717,0.2835552913302488,0.03434112722233146,-0.12273345555899273,0.024134869732524766,0.13708597181198667,0.03912783872649444,0.07805800285514673,-0.005162951342470546,-0.04934184734542621,0.021689188218836832,0.01203376954723824,-0.052332193284599954,-0.14358531154686405,-0.07641935471662858,-0.0815546243630915,-0.15627263065979763
CA,0.009901063210531578,0.36700595191274077,0.00010989849553330917,0.43603279060436995,0.34897373994329306,0.011123420409365104,0.5533546345075732,0.3621317255984923,0.2550380782895456,0.20022527446029778,0.8354353708412983,0.13352079929553018,0.005725828182389957,0.4275149094322144,0.0043315229071737345,0.718684613730807,0.7654121811656469,1.0000007775528656,1.0468921006820484,1.0225582197773733,0.010087450299653657,0.09507795292757087,-0.006769405524030275,0.17702766168430445,0.12147497485203881,0.05941638364570139,0.12047591393765589,0.12055397707342957,0.08210125702017142,0.22976658926298285,0.11527893111651777,0.006828528255737661,-0.11149748444087748,0.06129982316682628,0.012152434320591514,-0.004902036108732407,0.023739067314069103,-0.048062249990485195,-0.06226704699228414,-0.01946509510236117,-0.0875335590648314,-0.006162540926453745,0.0010813218656933257,-0.07046253845391488,-0.03376530228776481,0.07005310934986969
CO,0.009901063210531578,0.36700595191274077,0.00010989849553330917,0.43603279060436995,0.34897373994329306,0.011123420409365104,0.5533546345075732,0.3621317255984923,0.2550380782895456,0.20022527446029778,0.8354353708412983,0.13352079929553018,0.005725828182389957,0.4275149094322144,0.0028539593903685583,0.8026246038031627,0.7015816559641341,0.9998116340439818,1.190697978680769,1.1087488748656065,-0.02034369880494021,0.1457976406575136,0.06501632620945508,0.10138879469704234,0.14943397732873617,0.13609213345840165,0.06736249538177941,0.06763793551314735,0.14233074846658683,0.1231850608678504,0.24820549017762406,0.0038783784675419843,-0.12364125026341555,-0.12711305741270748,0.01562368649756734,0.01913651802052886,0.060446982354865106,0.013603413266179112,0.014533953132626952,-0.005484625231639532,-0.015396318359206133,0.0544096173708463,0.021912448956529284,-0.12258237300729885,-0.03552659728004161,-0.00650714599076797
CT,0.009901063210531578,0.36700595191274077,0.00010989849553330917,0.43603279060436995,0.34897373994329306,0.011123420409365104,0.5533546345075732,0.3621317255984923,0.2550380782895456,0.20022527446029778,0.8354353708412983,0.13352079929553018,0.005725828182389957,0.4275149094322144,0.002815116839374856,0.9305519777130736,0.8131267729750788,1.0012228930976579,1.0997270612706067,1.0645217232605582,-0.0625601165505458,0.10859633525173612,0.052412897191967504,-0.07287306962864411,0.07501889664024743,0.14233906907459518,0.2655796555175529,0.054222865100770665,0.2555124079802139,0.10169178989719671,0.3092090637957394,0.11747422214975128,-0.10648273908273978,-0.08567754174943054,0.0671204575277719,-0.032296421850392845,0.06782613118120231,-0.045247187062923536,0.07845914336010665,0.10146027210097422,0.03057845322448635,-0.022219531578355926,-0.022880963938618402,0.07818759738522622,0.03964799736970896,0.03984198698673798
DE,0.009901063210531578,0.36700595191274077,0.00010989849553330917,0.43603279060436995,0.34897373994329306,0.011123420409365104,0.5533546345075732,0.3621317255984923,0.2550380782895456,0.20022527446029778,0.8354353708412983,0.13352079929553018,0.005725828182389957,0.4275149094322144,0.002392624185613748,1.3169442949536512,1.335892104509593,0.9998704002094243,0.9526790812432995,0.9961825681649934,-0.17627601217528927,0.03569476042625867,0.05103084769487545,-0.007573816188317497,0.060752994178303814,-0.023633918024618394,-0.034425534768823415,0.20955353042655683,0.18951480085996786,0.27883525096706724,0.331089698671198,0.008321208700457309,-0.1638953667958582,-0.06110600139386062,-0.030037770115864823,0.012326009307028941,-0.036925537260617064,0.11827680391652592,-0.08851352515828129,0.015608903632541252,-0.05850009097439256,-0.017222603845361888,-0.11838546521974735,-0.1697241189275263,0.09334799976802387,-0.175393031897171
DC,0.009901063210531578,0.36700595191274077,0.00010989849553330917,0.43603279060436995,0.34897373994329306,0.011123420409365104,0.5533546345075732,0.3621317255984923,0.2550380782895456,0.20022527446029778,0.8354353708412983,0.13352079929553018,0.005725828182389957,0.4275149094322144,0.0025066380973807686,1.55561413776937,1.9339239347141999,1.000136075387838,0.9377719255260533,1.0858000430396855,-0.06435793677641619,-0.03149453120679168,-0.22207916553209117,0.05432339378528943,0.16592623612223806,0.12636587180309716,-0.008787096525393981,0.08407566272755482,0.08690643227088873,0.3066696171437673,0.250982768119159,0.08574478062702466,-0.1910983071322505,-0.13081969416599487,0.027607649306914617,-0.16965025766685776,0.03792796752139667,-0.07521681357548704,0.0503600001982797,0.014392098654278054,0.2754117805125732,-0.22019724263748636,-0.07570152805930529,0.05467323677230433,0.023859034004034857,0.001750879669465744
FL,0.009901063210531578,0.36700595191274077,0.00010989849553330917,0.43603279060436995,0.34897373994329306,0.011123420409365104,0.5533546345075732,0.3621317255984923,0.2550380782895456,0.20022527446029778,0.8354353708412983,0.13352079929553018,0.005725828182389957,0.4275149094322144,0.005053432776267177,1.3067619398747565,1.6027704618688146,1.000001002154539,1.0724518980157018,0.9206779011783768,0.11893152338232749,-0.050255815417152946,0.07086818363302287,0.13558938934667217,0.08375842190660908,0.05897115403164083,0.05450299239145012,0.01436833793149464,0.038947411297150486,0.14902230520928578,0.16171783221700387,0.06573424754924564,-0.05952276656552182,-0.04146974147330017,0.015427838535523158,0.020523458212622154,0.10274797014147395,0.0048484981531628085,-0.044675054250945284,-0.07688257533403026,0.04658923757855869,-0.0040898419048215635,-0.04812126946847462,-0.03168626405075582,-0.044443757362845907,0.003959663041136161
GA,0.009901063210531578,0.36700595191274077,0.00010989849553330917,0.43603279060436995,0.34897373994329306,0.011123420409365104,0.5533546345075732,0.3621317255984923,0.2550380782895456,0.20022527446029778,0.8354353708412983,0.13352079929553018,0.005725828182389957,0.4275149094322144,0.003090506361686963,0.7719751860268684,0.8084289360969636,1.0000017577785687,1.0910940285924644,1.0012236871497244,-0.00340023345215307,-0.03336250245506757,0.09029169424617256,0.23901071888301031,0.051841272351297596,0.05656907292727395,0.11774168999741197,0.07787624535200613,0.252414123190532,0.2512958061828403,0.2918960931945931,-0.036574605355204216,-0.14343376554089998,-0.07611873008959319,0.05361004034055655,0.022583939095441857,0.0693115497007753,-0.0005940718684344648,-0.10331044535262024,0.034645523718474396,0.020385484276239076,-0.039890507237863346,-0.09855510594889266,-0.04147992164220868,0.07301421107369999,-0.13944507482972746
HI,0.009901063210531578,0.36700595191274077,0.00010989849553330917,0.43603279060436995,0.34897373994329306,0.011123420409365104,0.5533546345075732,0.3621317255984923,0.2550380782895456,0.20022527446029778,0.8354353708412983,0.13352079929553018,0.005725828182389957,0.4275149094322144,0.0024148384365118413,1.1936979687412128,1.631975287331418,0.9999980754756808,0.8493008744404059,0.8555401227199552,-0.012353627864153552,0.015462225904009514,-0.08520429115190642,0.008820229978416725,0.3175784711979742,-0.033382696528417743,-0.10806646292093977,0.17428189468443095,0.03856567330461698,0.03571866371318241,0.045167912486014775,0.20714857580002854,-0.18329957110399275,-0.16180852427412679,0.05354661473422129,-0.33556562022982417,0.19458161725710005,-0.11249067458349511,0.02173864855031648,-0.07047003315723391,-0.02395704271264404,0.14875669799201535,-0.16340718203020804,-0.25765638433313287,0.08363543629808408,0.11958309214277901
ID,0.009901063210531578,0.36700595191274077,0.00010989849553330917,0.43603279060436995,0.34897373994329306,0.011123420409365104,0.5533546345075732,0.3621317255984923,0.2550380782895456,0.20022527446029778,0.8354353708412983,0.13352079929553018,0.005725828182389957,0.4275149094322144,0.0024881930962835697,1.0145129835710869,1.1397495751560065,0.9999972103652256,1.292828789119436,0.9791509733273652,0.02036282192086021,-0.04372258401937676,0.08805417128438413,0.0037140458265769315,0.05962358540652189,0.11552297933064588,0.13160285580633518,0.13816743945405188,0.08840577922420317,0.26092624838917977,0.20046680234404027,0.0038182343896425207,-0.22072232184215956,-0.0678642721477593,-0.06198193511563888,0.11540352727522421,0.04155278215286667,0.03107181587997663,0.14253897104220314,-0.049334615022061365,-0.03021356621941307,0.0992658054947948,-0.045707836144045846,-0.03634412253085908,-0.12640373394937754,-0.15112897793730448
IL,0.009901063210531578,0.36700595191274077,0.00010989849553330917,0.43603279060436995,0.34897373994329306,0.011123420409365104,0.5533546345075732,0.3621317255984923,0.2550380782895456,0.20022527446029778,0.8354353708412983,0.13352079929553018,0.005725828182389957,0.4275149094322144,0.0037701702824477,0.6100203422033795,0.6803087191078436,1.0000140481784596,1.1102728451621853,1.0145756433108108,0.04436012816732257,-0.00021386263607754252,0.10478323699696465,0.08698310280410537,0.06317049006493983,0.17811821779334763,0.11205919597062369,0.10125287554013523,0.13806802986603803,0.32390576011044964,0.2759426781472266,0.026681898595990922,-0.11849629956732693,-0.043819458033053205,0.038123242378162,0.07647532435682032,0.08118972787735265,0.06973828923405567,0.11690764353189806,0.02431062869925179,0.07597692114215426,-0.02149090042484319,0.004375877610320783,0.008110317021214695,0.10787754850608589,0.08728036888979522
IN,0.009901063210531578,0.36700595191274077,0.00010989849553330917,0.43603279060436995,0.34897373994329306,0.011123420409365104,0.5533546345075732,0.3621317255984923,0.2550380782895456,0.20022527446029778,0.8354353708412983,0.13352079929553018,0.005725828182389957,0.4275149094322144,0.0030838559751528755,1.012693281601384,0.6728127864411202,1.0000008702555174,1.1856216937173727,0.9896736211816759,-0.0008942825892761532,0.025127875989845925,0.06603350671517784,0.11681274627669685,0.10451276833212131,0.05209899221025008,0.10841645332735012,0.09807554475595631,0.1874931082556073,0.24916875073928246,0.2787180034070554,0.06771950914352737,-0.14308618328202097,-0.04887516759436324,0.10273191046396751,0.15551723644383247,0.1120570449228126,0.037478258944319345,0.1340625222264853,0.00435089942633334,0.09477273116345103,-0.013601372940104658,-0.09571490821324113,-0.1129549364011791,-0.029853158755078067,-0.05472582023705102
IA,0.009901063210531578,0.36700595191274077,0.00010989849553330917,0.43603279060436995,0.34897373994329306,0.011123420409365104,0.5533546345075732,0.3621317255984923,0.2550380782895456,0.20022527446029778,0.8354353708412983,0.13352079929553018,0.005725828182389957,0.4275149094322144,0.002647056882848193,0.5825917864867649,1.0008075133413947,0.9996594562384514,1.2241713016286422,1.0981081867666211,-0.020396629695112627,0.022802861319449044,0.057130788128283067,0.051539253160950954,-0.052855375531907445,0.06699769182210323,0.12767070126244845,0.03725842542719232,0.06878240028316054,0.298390912657735,0.24987528244540855,0.04698421365771496,-0.045467445306440146,0.013126764657601264,0.014953406640598976,0.1353494242428782,0.10595684004348144,0.030411764150836747,0.05331614907042095,0.025774924694575596,0.054843523991975576,0.026014634424738337,-0.08724331866223223,-0.07673026887048626,0.08718812828078085,0.020319795719685316
KS,0.009901063210531578,0.36700595191274077,0.00010989849553330917,0.43603279060436995,0.34897373994329306,0.011123420409365104,0.5533546345075732,0.3621317255984923,0.2550380782895456,0.20022527446029778,0.8354353708412983,0.13352079929553018,0.005725828182389957,0.4275149094322144,0.0025688892675760347,0.744278927797406,1.3524334997027203,1.0000004543215217,1.105030273816659,1.0260365032937995,-0.052649154659927214,0.03725589581731405,-0.05501143240568289,-0.04000025696093008,0.054765242342500284,0.063157537358842,0.10330133361318604,0.09696233599543197,0.15816527193546234,0.3172832948272466,0.17499293459316423,0.054011794176610284,-0.10758624549988874,-0.11100340178326107,0.05012672794295027,0.18476181259920166,0.12301329767660944,0.04002187882875871,-0.0402376391775157,-0.014237624557441953,0.016957361093031403,-0.021234417319064572,-0.0751502984012486,-0.09054258675174871,-0.061124399200069776,-0.026998716042615188
KY,0.009901063210531578,0.36700595191274077,0.00010989849553330917,0.43603279060436995,0.34897373994329306,0.011123420409365104,0.5533546345075732,0.3621317255984923,0.2550380782895456,0.20022527446029778,0.8354353708412983,0.13352079929553018,0.005725828182389957,0.4275149094322144,0.0028480836593364344,0.8256486391544058,1.172177645001712,0.9999981539857368,1.1519999573941941,1.0599980577506096,-0.005553306887639746,-0.03486925292462085,0.005827121181715125,0.1176881632272025,-0.0718923641686589,0.11157777493250559,0.13279297395483736,0.048799883268957185,0.15387776186878344,0.283828796894785,0.3138185468591612,0.04025376760025313,-0.13247809382114825,-0.08255133331761585,0.08503043382704306,0.1295569937657503,0.15169675376302222,0.08533710484565515,0.05588942239941838,0.08791398882927295,0.08197149683159964,0.01662490416092468,-0.011972433501104721,-0.012558762822398943,0.03999387397534872,-0.10404201793255105
LA,0.009901063210531578,0.36700595191274077,0.00010989849553330917,0.43603279060436995,0.34897373994329306,0.011123420409365104,0.5533546345075732,0.3621317255984923,0.2550380782895456,0.20022527446029778,0.8354353708412983,0.13352079929553018,0.005725828182389957,0.4275149094322144,0.002923526368245167,1.0931990286835598,1.3737898942545004,0.9999954497452526,0.8903660755589113,0.9692621685086382,0.10962989553560144,0.05392315803319156,-0.009074153570329176,0.23030636021095374,0.046408038334873156,0.004935699488017486,0.06261243189323135,0.10664560321253877,0.11350302638742636,0.24198893657393372,0.1515905407003732,-0.022585247345755725,-0.1295053180045571,-0.09929766670111831,0.04746379556483371,0.04005107397664772,-0.01959016983602172,0.03851287294235017,0.0037794833847704804,0.026340582751809297,0.053751178866358745,-0.020141005980778108,-0.0763957196111816,-0.03607515763685917,-0.038728437075939676,0.0430068377433878
ME,0.009901063210531578,0.36700595191274077,0.00010989849553330917,0.43603279060436995,0.34897373994329306,0.011123420409365104,0.5533546345075732,0.3621317255984923,0.2550380782895456,0.20022527446029778,0.8354353708412983,0.13352079929553018,0.005725828182389957,0.4275149094322144,0.002395324047032483,0.9867481653968398,1.382537304643422,0.9999932314931674,0.9163371824901487,0.9336328813577865,-0.07571195476421286,0.04474909963628018,-0.1558731225484476,0.1280661714285979,-0.17655140248278098,0.32683976279072907,-0.025061195598889446,0.06629905170200619,0.15144373220914342,0.1635824601394691,0.3874028267102679,0.24071740996756585,-0.1457450961009179,-0.05885197604415018,-0.058777603500084805,0.15622491688876333,0.09379940685397123,0.06435637593477211,0.02944788083572314,-0.061763362219633994,0.024095496830337983,-0.1352442480251101,-0.03207540240728654,-0.12502831441793494,0.09301209002918065,-0.06795252228608445
MD,0.009901063210531578,0.36700595191274077,0.00010989849553330917,0.43603279060436995,0.34897373994329306,0.011123420409365104,0.5533546345075732,0.3621317255984923,0.2550380782895456,0.20022527446029778,0.8354353708412983,0.13352079929553018,0.005725828182389957,0.4275149094322144,0.0027644888567590715,0.5135947276453613,0.7494793381047915,0.9999994090226018,1.2422673256213528,1.0571713197706643,0.002162983739269427,0.042713294962885014,0.0016811955806491983,0.06106132471059238,0.11016170319751895,0.05544790566397174,0.1397372899794374,0.11076531219984356,0.1664233258260833,0.231234511035173,0.20458377178281084,0.13369271156208845,-0.14826959294784708,-0.1025935659124767,-0.025467650764787252,-0.040604804872715644,0.032112138723491605,0.08062555329513585,-0.021599631322007443,0.058048847569632384,0.09213736378829959,-0.007687084598638535,-0.01977347075113828,-0.10841129304605103,0.1937366045608508,0.01201138308746887
MA,0.009901063210531578,0.36700595191274077,0.00010989849553330917,0.43603279060436995,0.34897373994329306,0.011123420409365104,0.5533546345075732,0.3621317255984923,0.2550380782895456,0.20022527446029778,0.8354353708412983,0.13352079929553018,0.005725828182389957,0.4275149094322144,0.0030344184849455187,1.0388004866690688,0.537769348755217,1.0000000649652496,1.7293551381847194,0.947238508687051,-0.02812371980977483,0.05767137095961354,0.136458271809702,0.15038480354852618,0.033158374916014824,0.1397626802031737,0.13285368938509107,0.11456121251624674,0.18822715727237901,0.09800726373177171,0.28348059906772094,0.1293687320067655,-0.06841997167389502,-0.06367561459799015,-0.03504476148521918,0.07754626538069408,-0.0129092830192146,0.052377313593263905,0.06480140277648704,0.07924452221794065,-0.024125628114495964,-0.06882456391342637,-0.03755398631598097,0.07096051326957241,0.05830315250118475,0.0850921321135826
MI,0.009901063210531578,0.36700595191274077,0.00010989849553330917,0.43603279060436995,0.34897373994329306,0.011123420409365104,0.5533546345075732,0.3621317255984923,0.2550380782895456,0.20022527446029778,0.8354353708412983,0.13352079929553018,0.005725828182389957,0.4275149094322144,0.0033614724549095006,0.9477844592371709,0.5574265500336695,1.0000433161447762,1.1707366355993025,0.9576864941141734,-0.05443725642315804,-0.037108321296790744,0.11911344692923978,0.15157166251812465,0.0775533319996217,0.13773627286606888,0.0375304671513714,0.12820504626938561,0.2573449907574631,0.1592147779079341,0.3043561002756425,0.04632881101246189,-0.09248933535581469,-0.1206305699017117,0.08539393955132878,0.07703610077997161,0.13941277095618596,0.09924526225734753,0.11727272663450712,0.047559582517743976,0.014369066878377298,-0.03181146406544872,0.047446751008380195,-0.03585195792601688,-0.04194696866185264,-0.03406501480892368
MN,0.009901063210531578,0.36700595191274077,0.00010989849553330917,0.43603279060436995,0.34897373994329306,0.011123420409365104,0.5533546345075732,0.3621317255984923,0.2550380782895456,0.20022527446029778,0.8354353708412983,0.13352079929553018,0.005725828182389957,0.4275149094322144,0.0033931941685528665,0.5254245841495332,0.7458913260745625,0.9984944381936285,0.9031181168345976,1.2167019085863298,0.3152688856852922,-0.25825620995487486,0.008505758014726826,0.13796287594699486,-0.044390353048466794,0.16050823205554343,0.13010454410514594,0.11915854328792344,0.2487283106244576,0.17386610578979012,0.25421395505721345,0.03053954910421012,-0.05842158263726195,-0.06344189549057586,0.014674077901362962,0.026171549989123195,0.048918229759602805,0.0733941427305004,0.03584633380103901,0.06353055859403056,0.10210235386935376,0.10505419361579353,0.10738874436207027,-0.1227571072259511,0.10612746668159606,0.10827104369008167
MS,0.009901063210531578,0.36700595191274077,0.00010989849553330917,0.43603279060436995,0.34897373994329306,0.011123420409365104,0.5533546345075732,0.3621317255984923,0.2550380782895456,0.20022527446029778,0.8354353708412983,0.13352079929553018,0.005725828182389957,0.4275149094322144,0.002622125593804094,1.5585962949831749,1.2203256447734236,1.000002454630545,1.0302363604188898,0.9594040097350294,-0.06864346618910494,-0.11068641093351865,0.14660254905695774,0.11312832770286137,0.0235652801167425,0.022545723194246924,0.044468552296880376,0.0772881961066526,0.13773168328175958,0.26823826934369044,0.22115950158506775,-0.02091702329835928,-0.05745126474089578,-0.11119786502782508,0.04102508499628666,0.06919229557705109,-0.008886141913324729,-0.013184538851345375,-0.09956304963901715,0.0022688824592164225,0.008572030685967263,0.005740247552057938,-0.14971303532449604,-0.14006676383892858,-0.005917394528654112,-0.07206596357044488
MO,0.009901063210531578,0.36700595191274077,0.00010989849553330917,0.43603279060436995,0.34897373994329306,0.011123420409365104,0.5533546345075732,0.3621317255984923,0.2550380782895456,0.20022527446029778,0.8354353708412983,0.13352079929553018,0.005725828182389957,0.4275149094322144,0.003127137138229311,1.0257028307831768,0.8956021964537921,0.9998976454292459,1.0528586149963455,0.9715006992447079,-0.0639110872442969,-0.012279448656575945,0.047038288648067694,0.132936347753217,-0.0435088228017052,0.0881703696936757,0.10322040658017681,0.12530490319380125,0.09144346606400902,0.30681224960709863,0.36583089671576163,-0.03203680461212133,-0.14080372542909506,-0.042622428876470705,0.02053928762673503,0.0988801686140807,0.09753528888533822,0.08584002556848033,0.08256327393364923,-0.045394537580861,0.028468981670859376,-0.05761571766059211,-0.08783959066557259,-0.1010824838700323,-0.031227876292476364,-0.01897192725613511
MT,0.009901063210531578,0.36700595191274077,0.00010989849553330917,0.43603279060436995,0.34897373994329306,0.011123420409365104,0.5533546345075732,0.3621317255984923,0.2550380782895456,0.20022527446029778,0.8354353708412983,0.13352079929553018,0.005725828182389957,0.4275149094322144,0.0025969307425992823,1.4824643343236057,1.1356197935546681,1.00000007556016,1.0966127042522806,1.0538578635482823,0.03873397819534609,-0.11459942764566247,-0.13269073874474718,0.16351416998742016,0.059923805058825906,-0.08667079516514206,0.18802846037044696,0.020732514826180708,0.16196620002869805,0.32154314640326054,0.31134592319131504,0.05034008236609223,-0.044943013449981584,-0.10051275860693462,0.05073529468198343,0.0731658353251842,0.12333610911489286,-0.13206547692992426,-0.05448200202688519,0.03878233135531827,0.010453096145088325,0.11770628493467322,-0.11773272917930762,-0.06824226861427879,-0.17179068528424915,-0.1000603729871147
NE,0.009901063210531578,0.36700595191274077,0.00010989849553330917,0.43603279060436995,0.34897373994329306,0.011123420409365104,0.5533546345075732,0.3621317255984923,0.2550380782895456,0.20022527446029778,0.8354353708412983,0.13352079929553018,0.005725828182389957,0.4275149094322144,0.0024673568035447095,0.6817374580856527,1.5877002237801672,0.9999976409207316,0.9960085190079471,0.9840997258198672,-0.06542174735777266,0.03458041154114738,-0.10095930680619304,0.009023189713852627,-0.09149969541743516,0.0790090503757742,0.10660860425169484,0.018406467017976047,0.14499724577926662,0.5083894234163853,0.13392048059090877,0.03866951677159635,-0.07476502218838885,-0.14727918078086472,0.13697260345109485,0.087040137492473,0.07448647149064849,0.07292897467427494,0.1113095689148269,-0.04289314919003304,0.013337868852339006,-0.07656918358104924,-0.027510820373905745,-0.09551933480982475,0.010123538048626639,0.03201368925501526
NV,0.009901063210531578,0.36700595191274077,0.00010989849553330917,0.43603279060436995,0.34897373994329306,0.011123420409365104,0.5533546345075732,0.3621317255984923,0.2550380782895456,0.20022527446029778,0.8354353708412983,0.13352079929553018,0.005725828182389957,0.4275149094322144,0.002782994764873055,0.7445561427433327,0.9863401328333254,1.0000005851534963,0.907547283253753,0.9539826154569901,0.08047949258993775,-0.03476605277729375,0.010144966870015124,0.21816115144376652,0.08253719866536778,0.019079190513350202,0.05684041860152929,0.1599936583932294,0.14552377606783068,0.23882435724517637,0.136433379891713,-0.004059123007262935,-0.0815900401925276,-0.19999212641333877,-0.03229768544280491,0.020995217989939335,0.024813831838206415,0.012161192414275193,-0.049813930401135374,-0.01220102537028682,-0.02528316345628053,0.018192794762138823,0.058696757942093516,-0.021720461512917927,-0.025993264748924355,0.05062507991131413
NH,0.009901063210531578,0.36700595191274077,0.00010989849553330917,0.43603279060436995,0.34897373994329306,0.011123420409365104,0.5533546345075732,0.3621317255984923,0.2550380782895456,0.20022527446029778,0.8354353708412983,0.13352079929553018,0.005725828182389957,0.4275149094322144,0.002403758666721146,0.8517580379586306,1.5559032116067375,1.0004497206454117,0.9065813037198327,0.983517596383716,-0.1923120581614831,0.11952252840356009,0.022273922704734554,0.027742322902481242,0.0478059350688137,0.028297756164238214,0.10652787436820976,0.20195886164077584,0.18652973354982563,0.130580063295398,0.27533498333075396,0.11893689500918285,-0.054517729657379305,-0.10000192766985339,0.02007610113173188,-0.004241757351690693,0.14341485954330754,0.03413424851530249,0.012556448005739629,0.03141634220290079,0.027128526964427302,-0.049314560957539215,0.0010142394712319698,-0.09786069409770215,0.009345413978481902,-0.001876739990552179
NJ,0.009901063210531578,0.36700595191274077,0.00010989849553330917,0.43603279060436995,0.34897373994329306,0.011123420409365104,0.5533546345075732,0.3621317255984923,0.2550380782895456,0.20022527446029778,0.8354353708412983,0.13352079929553018,0.005725828182389957,0.4275149094322144,0.0032649536516889386,1.0297138482883281,0.5844860885646016,0.9999991998651808,1.0695943900822946,0.9728953179228537,-0.02782594489029274,0.12804390557341422,-0.005683390673440934,0.10842065038896392,-0.0504250136880101,0.14591081739187994,0.20514654563857357,0.13925219845360237,0.2486145566318466,0.22862922421126197,0.21770289452843392,0.09881036435634946,-0.11092329877396255,-0.07587736590758093,-0.06375318475226203,-0.00725601465128839,0.005560922524661952,0.07861710482436965,0.024544615687132315,0.038488939463624715,-0.054764256670042394,-0.008141461208758891,-0.0033541536648912414,-0.086801009987869,0.08739196569567963,-0.06246929284340978
NM,0.009901063210531578,0.36700595191274077,0.00010989849553330917,0.43603279060436995,0.34897373994329306,0.011123420409365104,0.5533546345075732,0.3621317255984923,0.2550380782895456,0.20022527446029778,0.8354353708412983,0.13352079929553018,0.005725828182389957,0.4275149094322144,0.0027427682800426493,1.7571311793607418,0.6650768237885393,0.996119383282551,0.9191638135336888,1.1728933147708798,-0.09822545326609627,0.08949147715424591,-0.059930496939968325,0.10284844706135551,0.03440850119837265,0.14629827368084913,0.19473624085999452,0.149442439745627,0.14577967670819386,0.2584613125135613,0.07246767551520142,0.03681731765252175,-0.1911549550865433,-0.11587685684492022,-0.05863060029759315,-0.041492194165377236,0.061436584958387344,-0.053651933467124435,0.04397169036251136,-0.04157174423150929,0.03986457810441352,-0.08612024784349659,-0.03641420940429985,-0.18661688265250564,-0.05545314928028661,-0.1188000107894983
NY,0.009901063210531578,0.36700595191274077,0.00010989849553330917,0.43603279060436995,0.34897373994329306,0.011123420409365104,0.5533546345075732,0.3621317255984923,0.2550380782895456,0.20022527446029778,0.8354353708412983,0.13352079929553018,0.005725828182389957,0.4275149094322144,0.00348628159299563,0.7552326149972779,0.5253083481769021,0.9999998379315311,1.1334354790444263,0.9699006489674531,-0.05128193768028647,0.11508957682236719,0.09471934174809088,0.23006830206091838,0.16411288381960917,0.1462866400920424,0.23836435256701272,0.1529086435091413,0.20493189684317903,0.1381117396402181,0.2507460201057049,0.08170459991924195,-0.07533275792462613,-0.05905243566992541,0.019426750373169623,-0.010316923475900436,0.037174002121905844,0.09972222135138162,0.10556029938341144,0.07456507952989282,0.05474119749669999,0.0750444506658933,0.0519169687651574,0.07863481927878405,0.14904218652258586,0.049568699132604324
NC,0.009901063210531578,0.36700595191274077,0.00010989849553330917,0.43603279060436995,0.34897373994329306,0.011123420409365104,0.5533546345075732,0.3621317255984923,0.2550380782895456,0.20022527446029778,0.8354353708412983,0.13352079929553018,0.005725828182389957,0.4275149094322144,0.003921412676342253,0.623744842462847,1.4044033262597921,0.9982485351791449,1.2102946722236056,1.103069568156235,-0.022509747387400244,-0.08089265227176817,-0.045846884345256314,0.16568122431295426,0.14704169431390474,-0.028797469057026882,0.09413148505875857,0.1991446805851762,0.16587977503797524,0.262179162800237,0.2758708204233471,-0.016788682886110944,-0.11755775159109136,-0.13019453242324053,0.102615612886747,0.07964333365850323,0.03614723429780649,0.026437434480902224,0.07093689104725073,0.05059497607656302,0.047069721489768894,-0.0012896228220946355,-0.02891113740277615,0.03102797246823691,-0.0012818146967351835,-0.09120102148563736
ND,0.009901063210531578,0.36700595191274077,0.00010989849553330917,0.43603279060436995,0.34897373994329306,0.011123420409365104,0.5533546345075732,0.3621317255984923,0.2550380782895456,0.20022527446029778,0.8354353708412983,0.13352079929553018,0.005725828182389957,0.4275149094322144,0.0023285930079461684,1.2224912160227837,1.8768630864722815,1.0000010707630813,1.0246838934044304,0.980421959502491,-0.0661501799961089,-0.018294920894714847,-0.04866773719322952,-0.0270324520215795,0.010436179362515854,0.004171133384454545,0.13801367464437986,-0.0821288959225417,0.17603633120969453,0.12701020557867782,0.3299321674851493,0.17190183075952878,-0.23964968172454826,0.12289478192398257,0.03645804994539762,0.022061153563704607,-0.01254797824948988,-0.09941901403582752,-0.0599084841209699,-0.02577832217725886,0.01712960045669744,0.1327529684335041,-0.05474540779683229,0.06775678064015453,-0.11059840621172587,0.04180602777633342
OH,0.009901063210531578,0.36700595191274077,0.00010989849553330917,0.43603279060436995,0.34897373994329306,0.011123420409365104,0.5533546345075732,0.3621317255984923,0.2550380782895456,0.20022527446029778,0.8354353708412983,0.13352079929553018,0.005725828182389957,0.4275149094322144,0.003977405330725962,0.7327844136534813,0.5469635025382922,0.9999996914160343,1.0228900521796005,1.281577612101778,0.08839117529184287,0.16562827090629628,-0.2221733611006162,0.09847178382228991,0.08293064067928543,0.12538724424869016,0.13879720016820796,0.11639356331233969,0.17869325659290197,0.28652058127228497,0.2774356993552822,0.01934333780821228,-0.09504403495445596,-0.046740350509166334,0.11408408376164197,0.08069462393119131,0.0863171831658871,0.13767623332682682,0.16388497252298076,0.05785519192032793,0.12914261248242487,0.014671177120622584,-0.032182457861319555,-0.1269476002947355,0.05387934857112783,0.06456984217983086
OK,0.009901063210531578,0.36700595191274077,0.00010989849553330917,0.43603279060436995,0.34897373994329306,0.011123420409365104,0.5533546345075732,0.3621317255984923,0.2550380782895456,0.20022527446029778,0.8354353708412983,0.13352079929553018,0.005725828182389957,0.4275149094322144,0.0029341116548126456,1.2861659501899143,0.8497978866023019,0.9977441371755091,0.8932483403792468,1.0235770688856523,-0.09840816117211444,0.0016705700373935227,-0.04211554673289765,0.11502518876031403,-0.08660869279745566,0.013869186954972194,0.1770771263539357,0.030086029565570542,0.1281638329346132,0.2908283032017177,0.22604918599957324,-0.008095888556774834,-0.10924477952814163,0.06826642420891879,0.1239178660860803,0.1594510750023368,0.026916513118117075,0.05458029084352872,-0.18865998253397395,-0.08051422205672651,-0.025105555255893558,-0.10420692824020468,-0.18933085838872227,-0.07935304494366559,-0.024086542708651196,-0.29822614373342926
OR,0.009901063210531578,0.36700595191274077,0.00010989849553330917,0.43603279060436995,0.34897373994329306,0.011123420409365104,0.5533546345075732,0.3621317255984923,0.2550380782895456,0.20022527446029778,0.8354353708412983,0.13352079929553018,0.005725828182389957,0.4275149094322144,0.00267752528702319,1.0049565529936348,0.6737303419778702,0.99999886558006,1.0533586663549013,0.9340968596718807,-0.03803685332317387,0.007664317553155254,-0.07107460133089524,0.12854333415743052,0.13151907646199204,0.03327791057552634,0.06478201298385233,0.19018715900995625,0.07182950392560622,0.24711454385749845,0.22555983358779239,0.013232097664509952,-0.1424464793627995,-0.054471751901744754,0.04428839452002864,0.16120303398660166,0.06636050026588883,-0.09767753125524631,0.057429834027114726,-0.13744145801722063,-0.07604480708083321,-0.06919973888122663,-0.020589923321708916,-0.14540789608754418,-0.04102317044914973,-0.11682756369435701
PA,0.009901063210531578,0.36700595191274077,0.00010989849553330917,0.43603279060436995,0.34897373994329306,0.011123420409365104,0.5533546345075732,0.3621317255984923,0.2550380782895456,0.20022527446029778,0.8354353708412983,0.13352079929553018,0.005725828182389957,0.4275149094322144,0.004938922929487348,1.7611943068894704,0.955312966404269,1.000000679791205,0.7915964950924735,0.9899312489321379,-0.14158716389118936,0.1678687043157594,-0.09255774343475828,0.15677351881803253,-0.01763213757825729,0.08401293724339734,0.13837990554763901,0.1117087976674756,0.1453804031603391,0.26117250144065796,0.26238002058963594,0.03748606386296814,-0.12364193043659147,-0.04648066365792922,-0.032789872150999634,0.03066687395782995,0.002634297220598137,0.10810079583591689,-0.009436452682277843,0.07585212969837678,0.0257601438208032,-0.050344913231974195,-0.023400242400509582,-0.1129867867740879,0.09227515470202323,-0.11148366379922406
RI,0.009901063210531578,0.36700595191274077,0.00010989849553330917,0.43603279060436995,0.34897373994329306,0.011123420409365104,0.5533546345075732,0.3621317255984923,0.2550380782895456,0.20022527446029778,0.8354353708412983,0.13352079929553018,0.005725828182389957,0.4275149094322144,0.0024036797176986853,0.972811373499231,1.841594440197747,1.0000094921483207,0.843676882442842,0.9088669535124526,-0.10659908164836675,0.04727105831600076,0.02456679798186244,0.0826640694865952,-0.25679980785674533,0.17979059574149578,0.13548591002027432,0.06346568563741939,0.49365805403243046,-0.11261577384957193,0.3964370452355237,0.10877678915890293,-0.21290880519006866,0.029128411778204247,-0.08539738112570394,-0.04635750573470773,0.029695135381134163,0.03792154503229919,0.0968063835297776,-0.05223393445268573,-0.0537181958548133,0.08083695359646828,-0.11345871789761411,0.02558726194258043,0.15741470916526934,-0.028250851098635094
SC,0.009901063210531578,0.36700595191274077,0.00010989849553330917,0.43603279060436995,0.34897373994329306,0.011123420409365104,0.5533546345075732,0.3621317255984923,0.2550380782895456,0.20022527446029778,0.8354353708412983,0.13352079929553018,0.005725828182389957,0.4275149094322144,0.0028964625774959857,1.2142270340532797,0.7900087417276345,0.999999556028331,1.0025731874803423,0.9061653828150159,-0.026036464625939136,-0.11594115879095726,0.13251432622466974,0.0342813855772215,0.020782789357752796,0.04272189887180032,0.13636457071974845,0.15989882429440633,0.1903313192530205,0.3204222672327332,0.30006960796207505,0.0012337269128278629,-0.17620343315399234,-0.07196165203374476,0.06544692290861125,0.09220126611694526,-0.011882449019884401,-0.05078792653345476,-0.025545981765067977,0.013409405809931444,-0.07607879274110285,-0.07738103054970163,-0.03695391435531026,-0.13137659068506335,-0.08770602833022112,-0.018741391278907126
SD,0.009901063210531578,0.36700595191274077,0.00010989849553330917,0.43603279060436995,0.34897373994329306,0.011123420409365104,0.5533546345075732,0.3621317255984923,0.2550380782895456,0.20022527446029778,0.8354353708412983,0.13352079929553018,0.005725828182389957,0.4275149094322144,0.002457778995269409,1.0119744265321224,1.6840524706062252,1.0000009613271006,0.9153462345526958,1.000301704556842,0.0829370013418402,-0.03219590523286625,-0.21481710143391541,0.10498950192873185,-0.13641306721693164,0.028720188119831725,0.13443199268370476,-0.08352729600424488,0.22212162316727996,0.25074952574196036,0.3133662566287643,0.09079133814124633,-0.19733474953549796,-0.034628202329129804,0.07696750336086289,0.06412926746123998,0.05412239079375046,0.007125472204159737,0.020942657368393493,0.021403345424219032,-0.07912925683011515,-0.10087304805854254,0.0817602569968867,-0.18986627396684383,0.055375076472084256,-0.01986323164387141
TN,0.009901063210531578,0.36700595191274077,0.00010989849553330917,0.43603279060436995,0.34897373994329306,0.011123420409365104,0.5533546345075732,0.3621317255984923,0.2550380782895456,0.20022527446029778,0.8354353708412983,0.13352079929553018,0.005725828182389957,0.4275149094322144,0.002890752151547212,0.989442608895122,1.071761431579184,1.0000009590513028,0.8270000049564689,0.9069711213226566,0.07450580979033297,-0.01644188089847099,0.07995191236125819,0.1821165839547927,-0.09354689427208081,-0.005741455478897631,0.09627360612311905,0.19016668539355652,0.14612487557608034,0.27541653820535367,0.373915749043067,-0.020710972639974762,-0.1823477875112826,-0.11530090399042357,0.04069749852334588,0.08981444756086512,0.00037884855456835845,0.005554399199752741,0.00790051361104676,0.06558389997125798,0.01636504267126245,-0.009682149296823582,-0.03191213174386026,-0.12461977295306632,0.008585123328775712,-0.08963005894157339
TX,0.009901063210531578,0.36700595191274077,0.00010989849553330917,0.43603279060436995,0.34897373994329306,0.011123420409365104,0.5533546345075732,0.3621317255984923,0.2550380782895456,0.20022527446029778,0.8354353708412983,0.13352079929553018,0.005725828182389957,0.4275149094322144,0.005133257333803706,0.8481571677043209,1.2994210913888125,0.9996152705923413,0.9894000353043948,0.8851086744907662,0.06705402215395495,0.0009236872180794099,0.06501368649821251,0.1764473397858157,-0.014792805340595686,0.08062886963669517,0.091897961163739,0.04803696111503085,0.10449942826948494,0.20114705507856473,0.18849612531940171,0.002201936167850521,-0.07860730802223317,-0.05082463490789044,0.12274397422011459,0.07285384223298691,0.001001442260758434,-0.05634716649383849,-0.04784652474139127,0.0013072106020953662,-0.010471862756741203,-0.07628953246044859,-0.006565751037181159,-0.02951308785605153,-0.02392748809681898,0.03388154533200074
UT,0.009901063210531578,0.36700595191274077,0.00010989849553330917,0.43603279060436995,0.34897373994329306,0.011123420409365104,0.5533546345075732,0.3621317255984923,0.2550380782895456,0.20022527446029778,0.8354353708412983,0.13352079929553018,0.005725828182389957,0.4275149094322144,0.0024423024165653806,0.7299876837357742,0.7713584095734446,1.0000659067098672,0.9183102188601644,0.9910242748804038,0.04440586642478386,-0.02322049362858692,-0.07527194152842502,0.0848278813568845,0.07066012355669772,0.12576475296674228,0.13653387248721016,0.15553646740040386,0.11200943433007615,0.3017760906110493,0.23790355108975486,-0.01720631747274899,-0.18889886902792663,-0.20249944888168447,0.011206389736423579,-0.01786861423818467,0.01849926487108612,-0.022577575216592052,-0.05024024172068232,-0.07705235289717687,-0.03142478966743942,-0.013807584512109655,0.01581117531931752,-0.21372105181014883,-0.059882609668967274,-0.07431175184638428
VT,0.009901063210531578,0.36700595191274077,0.00010989849553330917,0.43603279060436995,0.34897373994329306,0.011123420409365104,0.5533546345075732,0.3621317255984923,0.2550380782895456,0.20022527446029778,0.8354353708412983,0.13352079929553018,0.005725828182389957,0.4275149094322144,0.002291812394220875,0.9425910803114326,1.575938413032703,1.0024142976832942,0.8950968701403856,0.9381714805036871,0.2917142612827068,-0.20152714847355313,-0.04761136850216128,0.27462015523184147,-0.005033674235725929,-0.17354020779225432,0.1337571042807117,0.0821527469430022,0.17546505114846825,0.046988590487442874,0.4193759353291463,0.05302802807301597,0.015207052586717246,0.00435213051349266,0.005535888718592159,0.05787969782682288,0.1466569418330968,-0.013850484503350226,0.06611257874825306,-0.06616706511882353,0.021133214466430218,-0.04637952267194152,0.004390029888419925,0.10063120782849783,-0.03440937670886125,0.013443230384297216
VA,0.009901063210531578,0.36700595191274077,0.00010989849553330917,0.43603279060436995,0.34897373994329306,0.011123420409365104,0.5533546345075732,0.3621317255984923,0.2550380782895456,0.20022527446029778,0.8354353708412983,0.13352079929553018,0.005725828182389957,0.4275149094322144,0.0031084516299234527,0.9269051210337234,1.1120762310910923,1.0000034862858462,0.9176451636459451,0.9847886312767254,-0.014853380587242553,-0.07503630474368157,-0.09245190081794195,0.20883862717260746,-0.011407523211744966,0.10138665728824818,0.13448056660854044,0.12059162513018312,0.1285283296930518,0.2594716319574639,0.3598624133360143,0.04245714920681387,-0.18372625354057365,-0.14412929038561537,0.06378679109825632,-0.019959247053361513,-0.0032243191166770957,0.05973085507208446,0.04961580748633783,-0.015067733468526776,0.021892253454163048,-0.08311786561621992,-0.07476941819275176,-0.21814779944019386,0.06887308387297966,-0.14548034841413937
WA,0.009901063210531578,0.36700595191274077,0.00010989849553330917,0.43603279060436995,0.34897373994329306,0.011123420409365104,0.5533546345075732,0.3621317255984923,0.2550380782895456,0.20022527446029778,0.8354353708412983,0.13352079929553018,0.005725828182389957,0.4275149094322144,0.0026419810224592903,0.5534494436291151,0.8966909556230482,1.0000772342100956,0.8579519836503983,0.9286180567870901,-0.08067603419453814,0.016237418819645952,0.01539498086678445,0.09602884187534896,0.1331171792388155,0.10805423260067637,0.15141551620658622,0.13587470595195394,0.12781216304099602,0.22502106264305088,0.12450183343881507,0.08413414511911362,-0.1093309071267841,-0.07739027184582492,0.03363890883559233,0.09931642424345537,0.013543479526560199,-0.07653360421294039,0.0742233722567166,-0.07842807638627988,-0.1472352163362693,-0.045360619087111656,0.0021108413914475515,-0.12488506104462543,0.055352116064826665,-0.0734341889266572
WV,0.009901063210531578,0.36700595191274077,0.00010989849553330917,0.43603279060436995,0.34897373994329306,0.011123420409365104,0.5533546345075732,0.3621317255984923,0.2550380782895456,0.20022527446029778,0.8354353708412983,0.13352079929553018,0.005725828182389957,0.4275149094322144,0.0025927460490047993,1.1415992205302243,0.8695575534077586,0.9999998060098474,0.9691508152026556,0.9065783242982741,-0.0729017368839855,0.030037438186374287,-0.013481276271376186,0.19507548486338533,-0.21904628696717449,0.10894487775926696,0.11855119197940187,0.14128783435570919,0.15454349765908676,0.39837161499159646,0.392330922992924,0.07794421116410095,-0.1273093145118636,-0.030887754583762837,0.06032584878262162,0.14098475475409383,0.06322236332236103,0.1986594528250641,0.11283936883032032,0.05896949581054979,0.08656704115642608,0.007332030887547459,0.031882647192775226,-0.13088219896962616,0.06952650412439856,-0.20321767336201088
WI,0.009901063210531578,0.36700595191274077,0.00010989849553330917,0.43603279060436995,0.34897373994329306,0.011123420409365104,0.5533546345075732,0.3621317255984923,0.2550380782895456,0.20022527446029778,0.8354353708412983,0.13352079929553018,0.005725828182389957,0.4275149094322144,0.002889164841144435,0.646188063816536,0.7169831960630269,1.000051341936935,0.8731188779229608,0.8610508621847721,0.01825555585958571,-0.006103749330035433,0.03013007454210305,0.12362054122695113,-0.15184266928211992,0.31898755746397534,0.1814199734181273,0.23442241243788992,0.21000097708364435,0.22749791954576937,0.3803754485117582,0.01900831224302904,-0.050338595439864894,-0.015161246729749302,0.024957922366626976,0.09998715884620554,0.12418419257953942,0.1136995112411914,0.0960382776910998,0.04842095481172977,0.023248672357539617,0.06581025991267515,-0.026775490876010926,0.025718325611721018,0.07134367185598381,-0.023753554427901072
WY,0.009901063210531578,0.36700595191274077,0.00010989849553330917,0.43603279060436995,0.34897373994329306,0.011123420409365104,0.5533546345075732,0.3621317255984923,0.2550380782895456,0.20022527446029778,0.8354353708412983,0.13352079929553018,0.005725828182389957,0.4275149094322144,0.0025631592104035407,2.959021191181198,1.1701965964628789,1.0000092972388235,0.672163766508352,1.180686516198505,-0.07465439952050304,0.0859067719836431,-0.21723712240108528,0.13964412968424253,-0.029237575140743842,0.1072698765496457,0.057465990268080275,0.07586205299864948,0.22596216512696676,-0.028071208149498976,0.46822081843734237,0.015243139194175345,-0.15180254145292338,-0.2604905246166333,0.0006087795189941671,0.013917852001631151,0.0659325654886547,0.012088910187886237,-0.055074910748110995,-0.09765802073303344,-0.11365107306556721,-0.04311784138948112,-0.09115129632835324,-0.08451929917856935,0.02784607391490794,-0.1909284077021175
PR,0.009901063210531578,0.36700595191274077,0.00010989849553330917,0.43603279060436995,0.34897373994329306,0.011123420409365104,0.5533546345075732,0.3621317255984923,0.2550380782895456,0.20022527446029778,0.8354353708412983,0.13352079929553018,0.005725828182389957,0.4275149094322144,0.004819075780314318,3.29470681878709,2.05395502353665,1.0000020695855223,0.9023711919623327,0.9636674607420166,-0.0767279977137997,-0.05075758005576936,-0.017387589267286334,0.24184643184115967,-0.045128921639858835,-0.0021485752788677473,0.11798201686586568,-0.04659430142105746,-0.07031589836242823,0.06910100483596679,0.12837277491439014,0.00886641002594633,-0.0013957265521024808,-0.15115165047262874,-0.06827779466342826,-0.14092527249234843,-0.027618789695698632,0.025484464297629843,-0.02307250836432114,-0.04750884188506914,-0.0008636998461722068,0.19311998043992795,-0.09383972932406079,-0.13580270080742468,0.10263801163330025,-0.025331318437552562
