state,rho_global_mean,rho_season_sd,fI_global_mean,fI_season_sd,fR_global_mean,fR_season_sd,psi_1,psi_2,phi,omega,a_garch,b_garch,alpha_inv,rho_state,fI_state,fR_state,delta_beta_state_mean_0,delta_beta_state_mean_1,delta_beta_state_mean_2,delta_beta_state_mean_3,delta_beta_state_mean_4,delta_beta_state_mean_5,delta_beta_state_mean_6,delta_beta_state_mean_7,delta_beta_state_mean_8,delta_beta_state_mean_9,delta_beta_state_mean_10,delta_beta_state_mean_11,delta_beta_state_mean_12,delta_beta_state_mean_13,delta_beta_state_mean_14,delta_beta_state_mean_15,delta_beta_state_mean_16,delta_beta_state_mean_17,delta_beta_state_mean_18,delta_beta_state_mean_19,delta_beta_state_mean_20,delta_beta_state_mean_21,delta_beta_state_mean_22,delta_beta_state_mean_23,delta_beta_state_mean_24,delta_beta_state_mean_25,delta_beta_state_mean_26,delta_beta_state_mean_27,delta_beta_state_mean_28,delta_beta_state_mean_29,delta_beta_state_mean_30,delta_beta_state_mean_31,delta_beta_state_mean_32,delta_beta_state_mean_33,delta_beta_state_mean_34
AL,0.010128166616193432,0.20763998969601222,4.9876780835873466e-05,0.5234747505894942,0.3579992372177359,0.07092134236454273,0.8294743526678456,0.28580505173420456,0.375,0.005,0.0,0.0,0.001404554654891547,1.4616249873276927,1.4140685323024784,0.9361673632452907,-0.01999772142193976,-0.21262460662233243,-0.03199174869500066,0.044777221537285646,-0.0014209013040139315,-0.011885230778700226,0.033995475341526374,0.11156538537770724,0.16403550156653446,0.12499989525761772,0.03866957770171877,0.02255660421260567,0.11728682304770227,0.2389901992920075,0.29732411085876476,0.21569982884693456,-0.003955551028309593,-0.1693719379642486,-0.12295304608786492,0.008957753660605835,0.06443429052490317,0.032348293965699465,-0.03062344262402805,-0.07759413622641688,-0.07542861636531023,-0.03904133262794034,-0.025729287898779055,-0.0575216544161681,-0.10304672655352912,-0.1393480277635828,-0.1294550879736674,-0.07350705769956306,-0.04772150965316497,-0.06680377810932411,0.02321379131830047
AK,0.010128166616193432,0.20763998969601222,4.9876780835873466e-05,0.5234747505894942,0.3579992372177359,0.07092134236454273,0.8294743526678456,0.28580505173420456,0.375,0.005,0.0,0.0,0.0005349410205170979,0.43847561630603804,3.7743176611931797,0.872715480868778,0.17903928908975394,-0.07914740271564547,-0.04025437640697471,-0.0558815864648463,-0.07421266667307674,0.0521186887555212,0.20768510424483222,0.17945189631660027,0.007104681582586916,-0.0474160982607439,0.05333039715432568,0.12713982377075958,0.09384364700160186,0.07801034940153326,0.13218338809910724,0.15228190165190028,0.07282819596358336,0.0022219258145833205,0.01718082529891158,0.06464106357808605,0.07690778809344298,0.0706645690342618,0.111310720444097,0.15433702662934978,0.18742927557373507,0.18764414087876574,0.17649426060425732,0.15947685502907832,0.14770531809512033,0.12293459836819406,0.08923980919634092,0.0594877941479334,0.10681892915737778,0.23813233793924612,0.260418780478087
AZ,0.010128166616193432,0.20763998969601222,4.9876780835873466e-05,0.5234747505894942,0.3579992372177359,0.07092134236454273,0.8294743526678456,0.28580505173420456,0.375,0.005,0.0,0.0,0.0030381803783362804,2.1371283158131598,0.679929566426332,0.9347259306740917,-0.017664234965377015,-0.005471993178994558,-0.01113801189702733,0.018520200916930664,0.06277303043712948,0.0888242054966131,0.10247724822541722,0.1370745350144481,0.16918071292833387,0.15489138711934708,0.09508560964447882,0.04903079569173094,0.07074750504464129,0.15368920024050475,0.24705635415657184,0.21623969847517532,-6.335101710390397e-05,-0.18028574949429846,-0.12522246913640145,0.008837206245238274,0.027893042070627653,-0.025175553618352872,-0.025086565811242776,0.009144344551707987,-0.0024121666820551496,-0.04570700520815847,-0.06116074975963734,-0.046953219487428026,-0.06716287090301241,-0.11025784835658375,-0.07755199322859868,0.04071230865641071,0.10697389690276059,0.021028699964644744,-0.011177155476896598
AR,0.010128166616193432,0.20763998969601222,4.9876780835873466e-05,0.5234747505894942,0.3579992372177359,0.07092134236454273,0.8294743526678456,0.28580505173420456,0.375,0.005,0.0,0.0,0.0015884443126864662,1.3753737457841764,0.8965792873257112,0.9932686799335944,0.0014411044928944582,0.03286478873308683,0.06412709922425058,0.01827825098479926,-0.051352249229804955,-0.015878581579362033,0.08193329819162225,0.13561135115760337,0.12879622625973586,0.11219135391385643,0.108275697465092,0.09478553154499081,0.10707082211624369,0.18872516186512067,0.3074112167563079,0.301249566834741,0.0968388397867394,-0.07321642558683605,0.0030893065280567294,0.16379931065305567,0.18751159216266816,0.10062094208290626,0.026320169302341153,-0.0023259985863360337,0.004639249528858858,0.016236245696157905,-0.012897284212682606,-0.08376164351937812,-0.1349806807784228,-0.1361080431414337,-0.09976262958431482,-0.04695334295207365,0.007934782804108878,0.05274128202520864,0.005162991518644361
CA,0.010128166616193432,0.20763998969601222,4.9876780835873466e-05,0.5234747505894942,0.3579992372177359,0.07092134236454273,0.8294743526678456,0.28580505173420456,0.375,0.005,0.0,0.0,0.0034722880581729435,0.9853108545312455,1.0821587811167301,0.9601304161281324,-0.03226439685225915,0.021761940967470653,-0.01039615168634484,-0.004584945586247821,0.03047643249645106,0.05260756361293403,0.05868429947096117,0.09439336282822226,0.14882635102764763,0.15196545444677786,0.12384007687717685,0.10224821216187671,0.12509635996773902,0.17024596678463594,0.1982592259065584,0.16023292372223785,0.037110168184810555,-0.058104879572057525,-0.03395424692540896,0.03252830668838217,0.03428075169082614,-0.01012520010821095,-0.047078313309304315,-0.06239280774879434,-0.06621115056804525,-0.05655647073145593,-0.044391319122695096,-0.02707867406887199,-0.01614449435809853,-0.020788271106420505,-0.0021309301605761215,0.03465092968939476,0.03099132602348502,-0.023594976177243005,-0.05640290782044213
CO,0.010128166616193432,0.20763998969601222,4.9876780835873466e-05,0.5234747505894942,0.3579992372177359,0.07092134236454273,0.8294743526678456,0.28580505173420456,0.375,0.005,0.0,0.0,0.0017095566147005948,0.5089409962200888,0.6151145946562224,1.0017757366812736,0.11902243076569319,0.2432067902724348,0.1376428930419611,0.052203551319821476,0.048668005472960206,0.09936814946466431,0.16508409080434328,0.21482745902216832,0.23076278143031587,0.22519430369339452,0.1974385276975219,0.15446186983247673,0.12202408598368433,0.16743346127082892,0.2755132251426464,0.29300870263460294,0.13133187327623408,-0.0336356993178807,-0.02449906844757468,0.08163580882491586,0.1644249837524907,0.1939720160754907,0.17480583279363301,0.14985106231049863,0.16467972395675148,0.2110985526253718,0.2096637556371895,0.16975928365220402,0.1288044600875154,0.10885052377250018,0.14190102020559353,0.20416747556774653,0.2528183570291847,0.24518680893824518,0.1838316101869765
CT,0.010128166616193432,0.20763998969601222,4.9876780835873466e-05,0.5234747505894942,0.3579992372177359,0.07092134236454273,0.8294743526678456,0.28580505173420456,0.375,0.005,0.0,0.0,0.001421462707743465,0.8001255880638358,1.3537119434172271,0.9217720947991805,0.03874280256871201,0.07498990400832428,-0.10236795465925921,-0.23643347385723795,-0.21385832462304633,-0.013393936705776122,0.21329100627924574,0.20129253495314897,0.035173730387847435,0.011662763923844924,0.16940919574242047,0.24133783208331072,0.18140658150817104,0.17244287406874245,0.28029993507323236,0.29621694453661707,0.10761714497435448,-0.08564979005361306,-0.08209611950082621,0.002728388780154955,0.013339309071972442,-0.008717489030087044,0.03549663526645597,0.10672399008957631,0.10228400901690217,0.031787517059316844,0.013944081510316477,0.058427554832045286,0.07543974744174536,0.05625027036198191,0.06973118967768255,0.11597794685042073,0.10330447036163096,-0.04291696068017592,-0.17990460211493187
DE,0.010128166616193432,0.20763998969601222,4.9876780835873466e-05,0.5234747505894942,0.3579992372177359,0.07092134236454273,0.8294743526678456,0.28580505173420456,0.375,0.005,0.0,0.0,0.000478241063598056,1.0252800840192675,0.19619495459750372,1.0556734440909206,0.06403646248855505,-0.07283543521806496,-0.18878413386479498,-0.14228267802249261,0.06979658460418432,0.2744394870983188,0.39041434847413514,0.45084708607534396,0.432383573142962,0.31486611011290916,0.17417694131667888,0.1519977325264722,0.27099417561230216,0.3854436627366026,0.41301583899648986,0.3313486317726214,0.13516460285126808,-0.02587937796734157,-0.026421307851557076,0.0631227234921409,0.11578944250954658,0.1272263229317766,0.10900721985178352,0.09283343588596557,0.07990353891365998,0.07584380471883023,0.05589600061714954,0.03133580879562001,0.024942621315359688,0.033752815969032415,-0.004123707466903337,-0.0503411808655005,0.029881753450624306,0.20777423187782856,-0.021640101922591796
DC,0.010128166616193432,0.20763998969601222,4.9876780835873466e-05,0.5234747505894942,0.3579992372177359,0.07092134236454273,0.8294743526678456,0.28580505173420456,0.375,0.005,0.0,0.0,0.0022045067702431117,1.0494985252998652,0.2750863511902373,0.9493583179634463,-0.01442107462262602,0.22308682354813475,0.34240454782027197,0.2819707623601184,0.06470935947541384,-0.27472615590304617,-0.43317975321974733,-0.14909639037320435,0.4131055907609873,0.5570943892100334,0.35631350053869015,0.08440744952704206,0.03762039477719373,0.15212249412307333,0.3017952502902751,0.30173343479102155,0.08065708256104412,-0.10719336919404775,-0.036205896249766154,0.08709517699455152,0.00980623881218057,-0.11984524084917397,-0.07033974597963358,0.09057167132803262,0.1495864117148911,0.10433204001015796,0.053940599298305254,0.05244189791008045,0.03254037689212182,-0.004396922735947575,-0.017280594610231417,-0.006858109141315449,-0.019261549220667244,-0.05791604754297865,0.08181423028624227
FL,0.010128166616193432,0.20763998969601222,4.9876780835873466e-05,0.5234747505894942,0.3579992372177359,0.07092134236454273,0.8294743526678456,0.28580505173420456,0.375,0.005,0.0,0.0,0.0033118965615471126,1.3670519113846897,3.9984907009840915,1.0033513272135266,0.006300418134835452,-0.05157079206849936,-0.017780896659696323,0.020523079048746666,0.04075081922243484,0.06696173790737893,0.10121768559727663,0.13216274129538796,0.14732303277315095,0.14275174463309914,0.12062551218838763,0.07599055258835631,0.037771344076124466,0.07517350352735033,0.18619750348408243,0.22157469586993228,0.119432078585791,-0.006588314863302461,-0.02080233868643428,0.03853582079683104,0.0982020032960797,0.12116727117269727,0.07132366434288698,-0.0001244377007694475,-0.016495552363852542,0.016203880898011988,0.027385211804388798,0.005038632460130281,-0.023755224064458933,-0.00902271262748489,0.028128676618030125,0.06637221740267818,0.07496449923869916,0.04578500685961999,0.06993617217005357
GA,0.010128166616193432,0.20763998969601222,4.9876780835873466e-05,0.5234747505894942,0.3579992372177359,0.07092134236454273,0.8294743526678456,0.28580505173420456,0.375,0.005,0.0,0.0,0.0024717973899689794,0.9482507483926498,1.5266676121570648,1.0192700658467486,0.05802316999807991,-0.03445494253858542,-0.022589704469010013,-0.020420273738219124,-0.014541342339349478,0.04194803475856733,0.12189839341920806,0.18606970357722757,0.2178149359253782,0.1842446812068272,0.1159932253564084,0.10510343803636676,0.17150614207917217,0.27846866260702907,0.35281403556477753,0.30016760120869235,0.061488927382514144,-0.12534979750261663,-0.0725187104390197,0.07382491814718284,0.11599487882333939,0.05853872277073203,0.005654999438555716,-0.01354186229164748,0.0026046798996709076,0.026560770336961498,0.0013834373047422915,-0.043679945475816245,-0.04354228730034074,0.013522172933106303,0.030470435831846845,-0.013183895469962908,-0.05202436037562912,-0.002406116504953439,0.07626397413482522
HI,0.010128166616193432,0.20763998969601222,4.9876780835873466e-05,0.5234747505894942,0.3579992372177359,0.07092134236454273,0.8294743526678456,0.28580505173420456,0.375,0.005,0.0,0.0,0.000551174336724405,1.2144217205558065,2.082937278214916,0.9681308096243069,0.008878084288917757,-0.17040145981394023,-0.09930813224622,0.068486408795982,0.16107392607206,0.08521974220919641,-0.04593158099513364,0.01592493559833941,0.19641449552932488,0.23499300692904168,0.11578692300853899,0.033526257620963625,0.0636818728714632,0.12103968448514461,0.12753945026227756,0.10035924740666341,0.05082024537591716,-0.010639039509570753,-0.06637228921719487,-0.09936414664216803,-0.06455702433764408,-0.01837967252963444,-0.02134499715710371,-0.03859653695416302,0.0008367825943136241,0.05373111760706665,0.005816653297160073,-0.12894190638764016,-0.1629533005190022,-0.02610892461832337,0.09687764239715901,0.1281999043268925,0.18128784756548402,0.1873327892396693,-0.29699913633184816
ID,0.010128166616193432,0.20763998969601222,4.9876780835873466e-05,0.5234747505894942,0.3579992372177359,0.07092134236454273,0.8294743526678456,0.28580505173420456,0.375,0.005,0.0,0.0,0.0008027193764718647,0.8415340616467158,0.42763703072633896,1.0357149255261815,0.078739394064093,0.08454013499074069,0.11801578911142427,0.1520706265237518,0.1606583574648926,0.1700429882264275,0.18114957368550838,0.17664999832031308,0.17053363072291106,0.19605708612667616,0.24433991741463595,0.238305583601667,0.19355191205148553,0.2149801476305171,0.3050676507249155,0.2919084415277451,0.07524819049624396,-0.12124231596578773,-0.08473286361833007,0.06263485116161213,0.14597432776077635,0.1524553283859984,0.14576052672993456,0.1333385693027448,0.11936074066135738,0.10491200828504747,0.11024728319111143,0.11487996439418938,0.05733217719267724,-0.04377694298521524,-0.0689228953944985,0.02161073820006168,0.08510270757859478,0.07491571622390762,0.1066308784141876
IL,0.010128166616193432,0.20763998969601222,4.9876780835873466e-05,0.5234747505894942,0.3579992372177359,0.07092134236454273,0.8294743526678456,0.28580505173420456,0.375,0.005,0.0,0.0,0.002315856948809093,1.081343293563823,0.6270594996684835,1.0226735349476423,0.06453198103847306,0.06350375566229216,0.02342885886433934,0.02060514255547196,0.05810875165791485,0.09295572140329769,0.12231759374375112,0.13755786914209925,0.1551474155813411,0.17698424531972057,0.18993328329882653,0.17557513620601567,0.15190895432102414,0.21272246549364188,0.34435900317541046,0.34719077487422306,0.11788924598448952,-0.10424306606898633,-0.09297376603406615,0.04013059295341481,0.09662757607095085,0.0851983864516562,0.07519457576958236,0.07494151351287066,0.05348747389023925,0.015576937705284708,-0.013279958982438939,-0.019357629875760014,0.0015187982006667174,0.04325482975884951,0.06751322758263714,0.057245727895576484,0.007807159570411669,-0.06792181575792561,-0.16460309341297108
IN,0.010128166616193432,0.20763998969601222,4.9876780835873466e-05,0.5234747505894942,0.3579992372177359,0.07092134236454273,0.8294743526678456,0.28580505173420456,0.375,0.005,0.0,0.0,0.001788249993973979,1.0853376489754614,0.8597811477997331,1.0181779651801832,0.057531439764983705,0.0359996948869912,0.010872757519105075,0.030006964802348685,0.07624599226290632,0.09837775048409722,0.11830159473266377,0.14398118029341284,0.16727496162493183,0.1749189062429122,0.1532348611403042,0.13508640950984224,0.14840322909777873,0.22788359303844188,0.3327188960141156,0.3108452996498677,0.09128159301703716,-0.1029837348675206,-0.050454230441132245,0.11055374257678993,0.17201193371772966,0.15309858152640402,0.1174662721297956,0.09793723699432591,0.10038084983895093,0.09047838259561952,0.033050103273616196,-0.05936710604487909,-0.07941374371638665,-0.009923066355375262,0.023973670960818483,-0.021615880992520865,0.0022728553451628387,0.11510906653002873,0.01563712892005719
IA,0.010128166616193432,0.20763998969601222,4.9876780835873466e-05,0.5234747505894942,0.3579992372177359,0.07092134236454273,0.8294743526678456,0.28580505173420456,0.375,0.005,0.0,0.0,0.0013585002382919093,0.4920775497690524,0.7575443737519056,1.0295687938198497,0.05524291465039116,0.1353481619659867,0.05797669793853795,-0.04007909908493988,-0.0545496110787755,0.08072235014860604,0.2338001097862282,0.25247684762924016,0.16580821777363292,0.12028789630113193,0.16190445116627966,0.18160321525925388,0.17155772248942314,0.23102517900646807,0.3620513958221057,0.3885138901182956,0.21371427907063364,0.023034805766440507,0.032026134901697825,0.14206554559148665,0.22020848241656524,0.23834183188813843,0.21391093144558285,0.1938658053602837,0.20900560671321827,0.23190064422134066,0.18793959662372076,0.10680931496842085,0.08816686073999142,0.17194082893933207,0.24610725047407445,0.24802229790536823,0.14430954114739886,-0.011838845062665406,-0.17914063779863101
KS,0.010128166616193432,0.20763998969601222,4.9876780835873466e-05,0.5234747505894942,0.3579992372177359,0.07092134236454273,0.8294743526678456,0.28580505173420456,0.375,0.005,0.0,0.0,0.0007572097201483596,0.7318089804314978,0.8111398637950107,0.9399375110595609,0.04622191364558481,0.13102177876167126,0.09067618983995847,0.03436047364618376,0.00526241227706512,0.006580729610658249,0.01210603653771458,0.03748659487338645,0.05153452608671229,0.0786948065985658,0.11629647547203834,0.13962924681849914,0.16199680947041065,0.21469921083532462,0.2887272810612428,0.26209061779334525,0.0766835121256986,-0.08665562975582881,-0.055537738955716634,0.0791501543280696,0.17581036754490548,0.18400356208220395,0.10377343553621493,0.00859988597886754,-0.0027064232012493335,0.04277674671600239,0.04708741597024063,-0.02096164440576996,-0.08839183731414069,-0.08668570766340578,0.012548406201873521,0.14300193148143592,0.04112038587133031,-0.26282846653632186,-0.04415112453507346
KY,0.010128166616193432,0.20763998969601222,4.9876780835873466e-05,0.5234747505894942,0.3579992372177359,0.07092134236454273,0.8294743526678456,0.28580505173420456,0.375,0.005,0.0,0.0,0.0020207042802886576,1.1151168461889145,1.2067237236173083,0.9675798046216368,0.0248847055199716,0.04631647136276425,0.016755509187148698,0.009308985327002075,0.019728069101403747,0.020120474714998816,0.025934984258576092,0.03605563421400895,0.06053787971782444,0.08748827818671556,0.10420761603911491,0.11117840558563546,0.13003314536180527,0.21725700427611244,0.3550915555578846,0.34842985246412783,0.10891659582848502,-0.118264819020606,-0.08769824308509973,0.06754420417176676,0.13989277242150122,0.12530843404054187,0.093140738329236,0.06629685810112039,0.06217547687633193,0.053364492977932707,0.0298380346616229,-0.006608626475953066,-0.02751973753875889,-0.0257639858212075,-0.019146107485905388,-0.03356603017656805,-0.06122850035166241,-0.08608148224308511,-0.03977772067267547
LA,0.010128166616193432,0.20763998969601222,4.9876780835873466e-05,0.5234747505894942,0.3579992372177359,0.07092134236454273,0.8294743526678456,0.28580505173420456,0.375,0.005,0.0,0.0,0.0018268758442710068,1.5248876234803848,1.804469324826458,1.016259442175786,-0.0365729516296481,0.07978743548643522,0.03531464353492491,0.04477247652108414,0.09453960192718411,0.11729737648314043,0.12186874255521177,0.14138311073321064,0.16423910992262286,0.1434132285635775,0.0813447927199347,0.0598789032514733,0.10509023631187817,0.1860862154374743,0.2624642622401362,0.21871620152880816,0.026451787547974073,-0.13239022765381037,-0.07911164699758413,0.04581022783769149,0.08201599810309307,0.046803051979188826,0.023825652313190587,0.028778289417755593,0.030774951462852577,0.021764492330238278,-0.012656942997149142,-0.04890475243412336,-0.07777737384767755,-0.06324007232922219,-0.005877293589199924,0.0706274445912751,0.06128192945227873,-0.042174151195551804,0.02087008822375517
ME,0.010128166616193432,0.20763998969601222,4.9876780835873466e-05,0.5234747505894942,0.3579992372177359,0.07092134236454273,0.8294743526678456,0.28580505173420456,0.375,0.005,0.0,0.0,0.0005174042160893625,0.5012666422311685,0.6180864668949868,1.1223956478310504,-0.06364405943964085,-0.10153125764235407,0.4836502616498545,0.562421119672795,0.2606403812344563,-0.007122673607215149,-0.06170756628508208,0.006266980523316102,0.1290340331472969,0.23812195867562147,0.31408519126057555,0.3064073592294215,0.2591604620828831,0.28580581394929316,0.4178673646755907,0.45414026079374226,0.31358873688600214,0.11378019377329407,0.04829204494977429,0.11839192196048985,0.23923923563316896,0.33265704753406633,0.3221852196833557,0.2601768686658041,0.23577243102085055,0.24613342891035628,0.2375550629312025,0.2057721517118434,0.22526641406066722,0.301210325538556,0.36493718189382396,0.3672559985646587,0.3461034388935079,0.27425218436555654,0.2292365890712943
MD,0.010128166616193432,0.20763998969601222,4.9876780835873466e-05,0.5234747505894942,0.3579992372177359,0.07092134236454273,0.8294743526678456,0.28580505173420456,0.375,0.005,0.0,0.0,0.0008618764367269684,0.6441214169080856,0.9650546950309493,1.0338161650716473,0.006738531639244127,0.03571934755653838,-0.1107032319463081,-0.05265457777046992,0.11552486039803717,0.17970222176851997,0.15210195025663448,0.15088566858839586,0.19197408673525584,0.21929848013127345,0.20889895955359306,0.19332612657007106,0.19942473059279975,0.24283752527878522,0.30831097002187224,0.29962081871206875,0.15892169610421947,0.007588342233343113,-0.0452125371118217,-0.007687034347148141,0.052481445655977704,0.10077075762724763,0.11017005036102652,0.09687178051879364,0.10896745428059876,0.1249643392674047,0.08328019783292173,0.008103573611868673,0.012672039086601063,0.11005661858629821,0.13952504227401197,0.060225884329035265,0.04028983063193013,0.14195941005092222,0.03469043582712367
MA,0.010128166616193432,0.20763998969601222,4.9876780835873466e-05,0.5234747505894942,0.3579992372177359,0.07092134236454273,0.8294743526678456,0.28580505173420456,0.375,0.005,0.0,0.0,0.001864616704864036,1.064936602564536,0.764456106016625,0.95552752892165,-0.03265420874712295,-0.01998983791628224,0.0245073775164756,-0.02443581334227808,-0.06822534167484295,0.009025152656786186,0.13977434431317287,0.17285980257527644,0.13479009707059897,0.13720924059382933,0.19679191934698548,0.20049934024389465,0.13955224754223197,0.1448334039349566,0.2653104109581731,0.2990025158823618,0.14358329199190462,-0.035382001108899025,-0.061151129317039976,-0.0013057448499689164,0.023003683175805555,0.02457936930198329,0.056353504128268894,0.09008970163260485,0.06508617558207229,0.0004882989411348187,-0.0344532118671973,-0.01564306079392467,0.037655837668050335,0.0875182633031055,0.0869300279071841,0.02369983419641268,-0.0045184717968245885,0.03876285242093096,-0.02309755625983855
MI,0.010128166616193432,0.20763998969601222,4.9876780835873466e-05,0.5234747505894942,0.3579992372177359,0.07092134236454273,0.8294743526678456,0.28580505173420456,0.375,0.005,0.0,0.0,0.002845635557433205,1.1670288055834033,1.533138710758189,1.0478435111788418,-0.01427467296197053,-0.0010041659437690672,-0.022033216993040977,-0.03527694778105707,-0.01985046890275822,0.034740614672447906,0.10844924159671215,0.17010244103066002,0.1942959127125326,0.18040747379677627,0.1537705785195457,0.14420608909002336,0.17008208187091609,0.24819405959242324,0.3374046975562943,0.3140775767219852,0.12017333688940916,-0.061641208672572056,-0.05021029980306717,0.05593316890930204,0.12524130214679963,0.14541636035978808,0.15540951574376327,0.15290865441935203,0.11251327573403119,0.04601987128525621,0.016749186977396253,0.02530922650907802,0.034069854740186395,0.02685420719602201,-0.0023173471541890825,-0.030466334708163303,-0.01814664733109846,0.04763841859402413,0.026133882212936187
MN,0.010128166616193432,0.20763998969601222,4.9876780835873466e-05,0.5234747505894942,0.3579992372177359,0.07092134236454273,0.8294743526678456,0.28580505173420456,0.375,0.005,0.0,0.0,0.0014030336581033697,0.936995280847561,0.25962829076080884,1.0283519173357762,-0.002415465819405919,0.039273555603503076,0.04222288313376468,0.0543857299563337,0.1050591831567805,0.1589166597762679,0.20385778533078258,0.22593317581762273,0.2051654027393875,0.18833534264998963,0.18022276531691017,0.2049802780621916,0.26003502082963986,0.3215570108367689,0.375590799503021,0.32924911399452755,0.14280161849348338,-0.03559996371970548,-0.05178808319612832,0.01661936043884561,0.06123525271819802,0.0712327810889486,0.05892412953309242,0.05153585145823554,0.07407192701892545,0.10432018979151969,0.077608423439347,0.01449292042267351,-0.02730343398102309,-0.010097421426544226,0.011695449652339703,0.0332314595600942,0.09105971760130932,0.12576863601114185,-0.3090724032024755
MS,0.010128166616193432,0.20763998969601222,4.9876780835873466e-05,0.5234747505894942,0.3579992372177359,0.07092134236454273,0.8294743526678456,0.28580505173420456,0.375,0.005,0.0,0.0,0.0014354123973634712,1.529604384230077,5.169208322699128,1.0727505119066185,-0.02180260022384979,-0.1440528419749008,-0.0007029100629852821,0.03414571816385276,-0.02368659317652154,-0.013096950340605772,0.0700411617489056,0.13976418034687177,0.16778694060902033,0.1381650206542404,0.0866330263093158,0.07390850583831504,0.13819393050934192,0.2474222535780091,0.3430127554471904,0.31503953670725293,0.1113220268660566,-0.06738154974586937,-0.024996283461482107,0.10064558731091025,0.14226550041855476,0.09301385620977978,0.015992062244811055,-0.025454003635456413,0.013157564639579115,0.0746459571795851,0.041501722291123866,-0.07140117958482202,-0.10160153769028082,-0.011367915383603239,0.04362719490587014,0.020476018274290287,0.03773747231635443,0.1392697322223465,0.044409030727077595
MO,0.010128166616193432,0.20763998969601222,4.9876780835873466e-05,0.5234747505894942,0.3579992372177359,0.07092134236454273,0.8294743526678456,0.28580505173420456,0.375,0.005,0.0,0.0,0.002651460206641663,1.4117850561309897,0.8066362360926502,1.0208135297632925,0.004775797560930084,0.1382305869200466,0.10684087012662438,0.04632491881628613,0.005257549138461097,0.03060211299401643,0.09070076671512287,0.11487344801147378,0.10833636088241093,0.11611595631900568,0.13014832627573686,0.13199436744349233,0.13396982628029824,0.21682081122873065,0.35811025624038084,0.3648016954922684,0.14009985028698071,-0.08561938994107171,-0.07606085766772536,0.06586229565864202,0.15309319787487824,0.1594842849493665,0.11960333039825811,0.058517334907638344,0.025754019020472932,0.009335793800184159,-0.028925714665090866,-0.07757968887445059,-0.09016748790225038,-0.055006756460168664,-0.0034119002537188856,0.015879989902702712,-0.010139475519250648,-0.056683486049614346,0.05170044005504605
MT,0.010128166616193432,0.20763998969601222,4.9876780835873466e-05,0.5234747505894942,0.3579992372177359,0.07092134236454273,0.8294743526678456,0.28580505173420456,0.375,0.005,0.0,0.0,0.0008883283518788787,0.7449697311992078,0.6075869591681882,0.9572489006469627,0.0010721678060564707,0.14166518152656668,0.12491817913977354,0.05808179676577692,-0.014946298805905842,-0.08964412449198689,-0.12305046025366889,-0.052811761944604046,0.10032238424828607,0.2133887062338889,0.26188922673025444,0.2413120073589618,0.21143182878924427,0.2566139070712987,0.3751559201783946,0.37687698080362747,0.16141462850324123,-0.06291931912952844,-0.03876262913703075,0.1046164064506569,0.16990607927706092,0.14447514620391078,0.07204612813200904,0.032556706864239796,0.09806821923213582,0.1932139411698667,0.19476507034329588,0.09237882328352953,0.003830202048426332,0.010199748424878398,0.0548429605282523,0.051946618809644296,-0.07253516061381088,-0.22665215884256104,0.09960603899158688
NE,0.010128166616193432,0.20763998969601222,4.9876780835873466e-05,0.5234747505894942,0.3579992372177359,0.07092134236454273,0.8294743526678456,0.28580505173420456,0.375,0.005,0.0,0.0,0.0006559968627731945,0.892681084550343,0.9151434505370359,1.0131733820776794,-0.046852177289288865,0.10932554463042032,0.03233367827849708,0.033867729514705174,0.09657624416627639,0.06936575217274243,-0.0019449881703402427,-0.03468583267229255,0.003929879658092449,0.07921995606390664,0.16294135574089202,0.2094211384692264,0.22829866578878544,0.28580663486893054,0.3740730110510316,0.3442821005548612,0.12018556103572228,-0.07943375033781452,-0.0450391604063889,0.09704710044201817,0.15451484772465338,0.13381366101866285,0.11046932395574068,0.0824362748824368,0.05117848144742276,0.007692046209813191,-0.027291592039458627,-0.045642467011850235,-0.04160800358183895,-0.015264182414920148,0.035889086039365546,0.07007482043753994,-0.023135818703506603,-0.21908879025931555,0.015929210681818774
NV,0.010128166616193432,0.20763998969601222,4.9876780835873466e-05,0.5234747505894942,0.3579992372177359,0.07092134236454273,0.8294743526678456,0.28580505173420456,0.375,0.005,0.0,0.0,0.000951998676588922,0.6999213780276861,1.2358006452585841,0.9749710525246278,0.020579110821450843,0.019890449810811443,-0.08362600420601207,-0.01916359696047633,0.12383754390792506,0.161659187082032,0.12302366508890145,0.1432745671801544,0.20078884739477537,0.17023150515989813,0.07284360826221324,0.062307133806930544,0.17471821755414169,0.27160550692035385,0.2789260298329325,0.19182192430601014,0.048669032981240756,-0.07358431278410112,-0.08917161205227594,-0.03405984765113444,0.03657069527186199,0.0732601651231064,0.05468379358363684,0.01847234307362003,0.01731897740130444,0.05282869118137165,0.08853742950030227,0.09586162780461746,0.06141542816181746,0.02184773241834581,0.035989423714002364,0.11198028253349498,0.13634271874670112,0.07251970754110267,0.0047017878311437986
NH,0.010128166616193432,0.20763998969601222,4.9876780835873466e-05,0.5234747505894942,0.3579992372177359,0.07092134236454273,0.8294743526678456,0.28580505173420456,0.375,0.005,0.0,0.0,0.0004455734066702478,0.8833545441402824,0.394611761338867,1.0443420441006768,-0.2931886655797979,-0.03078015508767834,0.4686684682885902,0.32659605982287027,-0.17472046774919717,-0.25660872481071717,0.0639159964870185,0.30352054091302605,0.35462099538858316,0.3148100607129483,0.2681075437449536,0.22982102219864825,0.22731099159968443,0.2559126022569552,0.3092722007343189,0.28215743267418514,0.14682549012817547,0.011049426578892007,-0.018027557360071715,0.0342693504032027,0.09419195488232562,0.12525501779957948,0.11406102701336146,0.07825335086828136,0.06598377460755023,0.07281771648775165,0.038715597267569776,-0.01729934568458807,-0.03209030494448018,0.022548290677138642,0.0827426777122221,0.07184898502700976,-0.09940099484620024,-0.3044710826222352,0.10198532659105891
NJ,0.010128166616193432,0.20763998969601222,4.9876780835873466e-05,0.5234747505894942,0.3579992372177359,0.07092134236454273,0.8294743526678456,0.28580505173420456,0.375,0.005,0.0,0.0,0.0024908412415115995,0.7852182486969006,1.595964696303744,1.0277444745896092,0.0619001884237254,0.1331237825726468,-0.09344565916455679,-0.11891496109454688,0.04046822679950136,0.1495512283997426,0.17214236815467715,0.13673630398155445,0.091361481834192,0.11163007994432042,0.18551456122238383,0.24297573606516548,0.2586699341147289,0.29027716944627,0.3329962186584523,0.299346144148933,0.1508686796066921,-0.0017456861057106436,-0.02098700708236765,0.038712865675362126,0.08629118734381805,0.12155824053785426,0.157357454756847,0.17799022275600218,0.16479083395737193,0.1272784454517097,0.10980491469947223,0.1157310927531712,0.1367357819574581,0.15182390333359813,0.1465197029350913,0.1252283313472895,0.161438062430188,0.2545369120932251,0.18406839594274316
NM,0.010128166616193432,0.20763998969601222,4.9876780835873466e-05,0.5234747505894942,0.3579992372177359,0.07092134236454273,0.8294743526678456,0.28580505173420456,0.375,0.005,0.0,0.0,0.0018189176694237631,0.669587906156305,0.987714523743313,1.0202883954683024,0.13156392376006265,0.053153684017915606,0.06968262818107568,0.05771059785418715,0.03746371775678259,0.08023646731884554,0.15552527659362714,0.18414886571556732,0.1756375660051352,0.18748747131232124,0.23178217451091268,0.2555185793840943,0.25512398063191977,0.282878890999935,0.3254410333651966,0.2886312441266994,0.11897203853985,-0.030209257845179735,-0.011078907716404005,0.09704606741209545,0.17982489962086293,0.21898996293795808,0.2272000308400146,0.2314073870506576,0.2479433479224079,0.26622025362146795,0.2418521883439571,0.19531273618201908,0.14087719287938222,0.11219305576053934,0.15823652712319353,0.2716904126058214,0.37992232167707407,0.39868326270210186,0.2736038363343642
NY,0.010128166616193432,0.20763998969601222,4.9876780835873466e-05,0.5234747505894942,0.3579992372177359,0.07092134236454273,0.8294743526678456,0.28580505173420456,0.375,0.005,0.0,0.0,0.0025500233634583877,0.7555937607956357,0.9953241262580318,1.0702622273131643,-0.007837128627794922,0.03672304133841535,0.1113214085143178,0.05733957233152809,-0.022827574043637062,0.03948873416475041,0.19066170083741096,0.25765985560044313,0.24493848663324785,0.25280203876911916,0.29597106836622167,0.3065016787251167,0.2597686145731692,0.2510710257769564,0.30243384435889376,0.29049215878260326,0.15313440271328588,0.0202591147091643,0.004026894581714304,0.05916421438975163,0.09447585462940755,0.1238452787317705,0.1763348755281484,0.22165190127134668,0.21594758472478773,0.1716024041463325,0.14933754173225006,0.1787328104079695,0.22619170429246588,0.24600239318284073,0.203625990296245,0.11183460232408574,0.09573288603270388,0.1922889090387218,0.06931687492866734
NC,0.010128166616193432,0.20763998969601222,4.9876780835873466e-05,0.5234747505894942,0.3579992372177359,0.07092134236454273,0.8294743526678456,0.28580505173420456,0.375,0.005,0.0,0.0,0.0020084681880380133,0.908238618894055,0.8207203348702052,1.0205843689129708,0.015305094940768468,0.05954014711054477,0.1111997268903,0.15355557021988542,0.1517977385060692,0.09027520675000865,0.030314029368199102,0.04870692613298877,0.11852776444491402,0.16974948798938183,0.16995244676604365,0.16761876604787973,0.18904306766877704,0.2770961813533822,0.37634105602548257,0.3421317076150786,0.09215962445508552,-0.12792218326424898,-0.06978117297357023,0.08821075142720519,0.11044226016802253,0.05536869309928048,0.04402612659823728,0.07163462334161591,0.08309086302218091,0.06305220945459528,0.03724952528396597,0.00985634247379627,0.006519291065307737,0.010371319113766247,-0.02422136188363896,-0.07823625443142379,-0.04451884967939891,0.08962787856911456,0.04567067869605232
ND,0.010128166616193432,0.20763998969601222,4.9876780835873466e-05,0.5234747505894942,0.3579992372177359,0.07092134236454273,0.8294743526678456,0.28580505173420456,0.375,0.005,0.0,0.0,0.0004388742178396434,0.995665777820598,0.4645181533796673,0.9891142128935249,-0.0741650039888132,0.19127888978471175,0.14996106492573863,0.029685061406501116,-0.09628471462841351,-0.09686085845336309,-0.0059236300775355796,0.11942405074348059,0.20604465399947894,0.2296827718392152,0.19076599814788708,0.15630537401078215,0.16259543749172511,0.24873598408843672,0.36403126213521786,0.3543789766700886,0.15991399181024768,-0.022674917729232406,0.01721461274086065,0.12363158498837026,0.10126092262396144,-0.0024615531783787788,-0.05607057734065755,-0.028706994905337548,0.03619990055766709,0.10575672735847347,0.12526796158367787,0.1005236792268345,0.0489095119184495,0.016470018381899723,0.0425856152172996,0.10444692280751988,0.04914091453045262,-0.13219006518711754,-0.009500413276888033
OH,0.010128166616193432,0.20763998969601222,4.9876780835873466e-05,0.5234747505894942,0.3579992372177359,0.07092134236454273,0.8294743526678456,0.28580505173420456,0.375,0.005,0.0,0.0,0.002582362767998966,1.157680687777561,0.655598214600999,1.0055635353032657,-0.04393446777176568,0.02080566901459361,0.03872716811758409,0.06017879521075584,0.07061330219696699,0.07013427287748969,0.07593220411038001,0.09890475993511966,0.13854292738996504,0.1706244829432963,0.17352809365129426,0.1670142216357654,0.1718969778706639,0.23898483788511704,0.3577327945996899,0.3447374876663743,0.12941322095907815,-0.07429500457982124,-0.04960782790932076,0.0783530154653392,0.13321557982034068,0.11742138003812302,0.10747156610980246,0.10849027734542782,0.10728779110872114,0.0768637868029578,-0.0058114227229952055,-0.1059936807032002,-0.12195227999269401,-0.049570307505372946,0.008572545906166207,0.00553920356852074,0.010598426284460494,0.029356386698573003,-0.23757585516782387
OK,0.010128166616193432,0.20763998969601222,4.9876780835873466e-05,0.5234747505894942,0.3579992372177359,0.07092134236454273,0.8294743526678456,0.28580505173420456,0.375,0.005,0.0,0.0,0.002394156737979529,1.4168971137933157,1.638846565623355,1.0136070195648177,-0.06837137250706765,0.09293890692881598,0.022974505419303126,-0.055239214488672916,-0.06587311048564887,0.0015122065999172544,0.09221071883074254,0.10482145681984428,0.0662478085437993,0.06853269113288074,0.11734950444641253,0.1430934417162218,0.13430616699991907,0.18710852098857808,0.29647437157783485,0.2976029674801388,0.11043005098039071,-0.04857798620954435,0.04144910161409798,0.2052298481687294,0.228799153588987,0.12929720491251528,-0.0020646933354356066,-0.09553945501600183,-0.08987372012818423,-0.030124324324599105,-0.022292198156644724,-0.08773896127019967,-0.1519028750762883,-0.15958162400972,-0.1011263362184024,1.3013173626008567e-05,0.05668479081379647,0.030185144700884584,0.07816366529340898
OR,0.010128166616193432,0.20763998969601222,4.9876780835873466e-05,0.5234747505894942,0.3579992372177359,0.07092134236454273,0.8294743526678456,0.28580505173420456,0.375,0.005,0.0,0.0,0.0013935389730278546,0.9992796996943163,0.6318114818630259,1.0261718765183794,-0.037443068810770405,0.08258543241729174,0.033778718354855124,0.07610063990283988,0.14419091200313272,0.12359431751586243,0.06185143949272878,0.08353543917936543,0.17194436487517695,0.2107080769867124,0.1781311891199201,0.13459080259706663,0.14474857064279473,0.21522827210005255,0.3015710173373728,0.2738611050012047,0.06390030535295624,-0.1030965351972247,-0.018409891822503063,0.14474786022397257,0.1796089862886336,0.11315149841343045,0.041196005494976366,-0.008509341574977698,-0.022545573860870895,-0.0157512956242958,-0.007257911189918531,-0.015374213053404903,-0.06045546545140788,-0.11194991129347334,-0.08001317807454235,0.046973354478494184,0.1312115859968878,0.09012986767732137,0.07229570709142907
PA,0.010128166616193432,0.20763998969601222,4.9876780835873466e-05,0.5234747505894942,0.3579992372177359,0.07092134236454273,0.8294743526678456,0.28580505173420456,0.375,0.005,0.0,0.0,0.0037431654683559527,1.7013140712821202,2.5525132578333247,0.9743143030230448,-0.07492999679768762,0.1371804264808093,-0.0027978230370460495,-0.09655881599781152,-0.09168695916176599,-0.006545083569924007,0.08078403756220785,0.09224374289159257,0.04944715985243188,0.0491437939067291,0.10477277698632106,0.14287185797017501,0.14685151066435342,0.197368597415913,0.2757165973221589,0.2701263144455568,0.11564270577529884,-0.04203765991185933,-0.04810095197901992,0.022366353456926624,0.05440424150894366,0.061810623326425645,0.07351844729868125,0.0931454221683719,0.0898300167013672,0.06778322809854577,0.03574113939138872,0.011883905184524451,0.0004558130226703063,0.01179690351440893,0.02929395879280834,0.042457475904069245,0.035703808610928145,0.026433682821180464,0.10295759157650208
RI,0.010128166616193432,0.20763998969601222,4.9876780835873466e-05,0.5234747505894942,0.3579992372177359,0.07092134236454273,0.8294743526678456,0.28580505173420456,0.375,0.005,0.0,0.0,0.000489186996612487,0.9755512171550644,0.2830173356972324,1.0492681532342998,-0.1566568956491724,0.402652445655753,0.45305614603341926,0.18296674514059252,-0.10832157473418746,-0.06044132311520721,0.17272917318729028,0.20401685021113303,0.04635266837866962,0.04266476675797345,0.22650849439798257,0.3720003252701338,0.38139111486903626,0.35243373675945777,0.3224150372599155,0.25063662405141296,0.11578101620154413,-0.0029548800594704832,-0.031767857268169886,-0.003302248394149356,0.03740037817171413,0.06990851435505976,0.10176778683020271,0.132112166840495,0.11138760529201919,0.06065711390380033,0.022304209221189995,0.019503553424125568,0.09842856150693606,0.199253451368357,0.188718512584346,0.023579211239464753,-0.12323242191557786,-0.06364697846246832,0.2387474988162303
SC,0.010128166616193432,0.20763998969601222,4.9876780835873466e-05,0.5234747505894942,0.3579992372177359,0.07092134236454273,0.8294743526678456,0.28580505173420456,0.375,0.005,0.0,0.0,0.0018422633152366484,0.9461724407711551,2.455008196755048,1.0204654800179416,-0.020599659577834127,-0.0015810881469291594,0.03494265195658712,-0.0010071597215109483,-0.057636735725603266,-0.014475794104386867,0.08085722600373937,0.12705179387612026,0.12057725740032854,0.1180720049526901,0.1396799356035905,0.1619339696114017,0.1970235391200372,0.2916665854151669,0.4074641737418807,0.3734910390306879,0.09351577433053294,-0.13395783802755407,-0.04955172434367691,0.14031436799365368,0.1547732911856254,0.06340853194946419,0.025865343657852,0.06304372900978378,0.07628416248566604,0.05081269312237742,0.006620986863434614,-0.01807521991895822,-0.022467811959543352,-0.008707465830187382,0.025781488655934083,0.07832497293063193,0.12756633636055606,0.14195901995185561,0.07349542576474662
SD,0.010128166616193432,0.20763998969601222,4.9876780835873466e-05,0.5234747505894942,0.3579992372177359,0.07092134236454273,0.8294743526678456,0.28580505173420456,0.375,0.005,0.0,0.0,0.0006050668883526158,0.7893301741402852,1.5047135787229529,0.9905583909896609,-0.1916853127849491,-0.14148230787829397,-0.14220092562061187,-0.02422069963679759,0.0653198693462897,0.06276180474566698,-0.001134521853374363,-0.04382237932916125,-0.022675664454134777,0.08509445589459799,0.2245162627817152,0.2963644264515302,0.3154953117262525,0.34603228034260525,0.40881508854625187,0.36600243999019394,0.13209479683658415,-0.0677524470148996,-0.031051284566621776,0.10228731759736319,0.13568984846319923,0.10088460661817955,0.09058766495923175,0.10821125665872791,0.07376559214967678,0.013521920380929343,0.004653537029343874,0.03925062919178653,0.030869451172549734,-0.013572338133447305,0.02863172430278533,0.1679627457857708,0.17451931172690371,-0.033664782486578296,-0.10674925186660911
TN,0.010128166616193432,0.20763998969601222,4.9876780835873466e-05,0.5234747505894942,0.3579992372177359,0.07092134236454273,0.8294743526678456,0.28580505173420456,0.375,0.005,0.0,0.0,0.002176082653716565,1.1826833035248923,2.4162090878055067,0.9362222654500525,-0.027575293037192677,-0.05369038664450497,-0.05927615348186416,-0.06600276264050045,-0.04305452982642298,0.061580624327948516,0.1548464965481352,0.1360402602887779,0.03305819618845256,-0.013184765398867343,0.028156115793994175,0.07713268007684433,0.10938047205355417,0.1981718561237018,0.31824630821745015,0.3030593253068852,0.061699390406220196,-0.15280208766641454,-0.116500013292963,0.030149723898252222,0.06466923151439566,0.015341519801695696,-0.007050718914194128,0.007265248936620488,0.026975640019996524,0.030807193022511344,-0.005689975588074674,-0.06589418937909913,-0.08603366923840974,-0.061844432494887414,-0.03664090417040916,-0.021921585795691978,-0.028068683355674105,-0.0296586742049798,0.02594876758730487
TX,0.010128166616193432,0.20763998969601222,4.9876780835873466e-05,0.5234747505894942,0.3579992372177359,0.07092134236454273,0.8294743526678456,0.28580505173420456,0.375,0.005,0.0,0.0,0.0035411339897504085,1.1703318264161577,2.205964345487691,0.9922469743234074,-0.061589073017708745,-0.05036426342384155,-0.04181113263511295,0.00841135274121587,0.08074831895416762,0.12405031091115387,0.13539570261588246,0.12928874850784117,0.12257714259442481,0.11677894498281174,0.12313024351272354,0.11702568715360362,0.10603835628991048,0.1492658319917221,0.22305179322288493,0.21261580471351132,0.06269276200177915,-0.05474859197899663,0.008012168767459672,0.1175431478612162,0.1116802771422166,0.023023525158475437,-0.03378938402219894,-0.03677709153168511,-0.03587614094126404,-0.02754201709310234,-0.02588614640816153,-0.032690960752833856,-0.050678776933276944,-0.04367942354100427,0.0023651495402104835,0.07099490591227924,0.05233473976980761,-0.08969037257392132,-0.03516361975251622
UT,0.010128166616193432,0.20763998969601222,4.9876780835873466e-05,0.5234747505894942,0.3579992372177359,0.07092134236454273,0.8294743526678456,0.28580505173420456,0.375,0.005,0.0,0.0,0.0005953660286365143,0.8640659614173675,0.41364184763359335,0.9997502085776344,-0.17875077766924014,0.1434330469734702,0.074876529831929,0.05188704078875185,0.11513297162660732,0.12430976681710032,0.0858390266083988,0.08705131593076981,0.14007289900362924,0.2076481315589701,0.24354429464997318,0.22772941095719745,0.17780266271488226,0.19843977676955063,0.29567758968632035,0.2790828179668845,0.04274453880594763,-0.18064990089798172,-0.16418790824873347,-0.030776898377980456,0.039692653101955855,0.033054552221896905,-0.005689769139712213,-0.04729600302558617,-0.059456892796268215,-0.038543512257671296,-0.024343533654067433,-0.03846569630941788,-0.08275240173707568,-0.13154564433586916,-0.08452418644214899,0.05531016457965267,0.11662777595305138,0.005445476356362565,-0.01061677063967707
VT,0.010128166616193432,0.20763998969601222,4.9876780835873466e-05,0.5234747505894942,0.3579992372177359,0.07092134236454273,0.8294743526678456,0.28580505173420456,0.375,0.005,0.0,0.0,0.0004983688136637389,0.8715978639784296,0.2781610906282148,1.0439064809797194,-0.5875176731086491,-0.37621084633753,0.017191725642475855,-0.2192033417938331,-0.39525388521780613,0.31342678231565785,0.9036689437286893,0.930976661373796,0.6769360678744375,0.12614854110551,-0.02030702468162147,0.09267125926363275,0.2284985327411716,0.32307472315455565,0.37553877181209905,0.32114218772605296,0.1671669537552713,0.033238341217200644,0.01572422502331266,0.07752842818325792,0.12230936958527514,0.13121177668331535,0.1078731964083197,0.06244668067435878,0.02900226415125471,0.02106523853807381,0.033626691253996824,0.07038746098284948,0.07422414061222898,0.053476000076776414,0.04307230255902003,0.049014355407187876,-0.0016905207367715492,-0.2703150232940739,-0.8257635036842288
VA,0.010128166616193432,0.20763998969601222,4.9876780835873466e-05,0.5234747505894942,0.3579992372177359,0.07092134236454273,0.8294743526678456,0.28580505173420456,0.375,0.005,0.0,0.0,0.0025821940045043356,0.6889927149165729,3.426508182032134,1.008282642461585,-0.08964308385080674,0.04811264724619638,0.048221185124604715,0.03838539992735723,0.030160534373923784,0.011887122619271523,-0.00013205372835544999,0.04267040620794155,0.11009667652924962,0.16902619245521858,0.18195172511339935,0.14963753853062772,0.11373452911013687,0.18526322556493793,0.3378698467228829,0.3616168590079829,0.14296523477764717,-0.07557660813463313,-0.045544666271713566,0.08763498365708788,0.11977493564261639,0.08512787685271606,0.09418267555585455,0.12874468548214607,0.13060330596080316,0.09113672919798918,0.037351480506180076,0.006003092348741291,0.01525033210545109,0.0561520037640582,0.06517483874501831,0.039212568352316624,0.09200270285479575,0.21562785089785086,0.07679437987543986
WA,0.010128166616193432,0.20763998969601222,4.9876780835873466e-05,0.5234747505894942,0.3579992372177359,0.07092134236454273,0.8294743526678456,0.28580505173420456,0.375,0.005,0.0,0.0,0.001428011868496848,0.7546542092478459,2.698121995143705,0.9651223368398144,-0.1733155947640544,-0.2903530521308836,-0.07460051915013086,0.024242252245915315,-0.000830609033902965,-0.01642912720716017,0.008273880681300094,0.0722088391002193,0.13768706427331906,0.17593677811887654,0.17517971138804178,0.16057791816202555,0.1539212534650347,0.1813843616108491,0.23586254358556888,0.20625566174725263,0.03888180118471033,-0.08982820852855755,-0.04878144381653374,0.05158626823038716,0.07671179774645308,0.03951152573627956,0.011348241796396402,-0.00201451482705578,-0.03410796438657772,-0.0705370077164567,-0.06104832742028033,-0.022396556459384556,-0.011964117703069328,-0.050502320516551076,-0.055161397009624843,0.001875729802641193,-0.003486605439758231,-0.07476774869765841,0.10410994865082827
WV,0.010128166616193432,0.20763998969601222,4.9876780835873466e-05,0.5234747505894942,0.3579992372177359,0.07092134236454273,0.8294743526678456,0.28580505173420456,0.375,0.005,0.0,0.0,0.0009943562845601528,1.1726991295651885,0.8066620076079825,1.0847914433026506,-0.31136187395742226,0.17756543714653183,0.19045033728466054,-0.022790076756028878,-0.14648101508133926,0.007077866642481367,0.285214676329409,0.3313620876372432,0.20020053252165837,0.11417148631578028,0.16491956187660198,0.2208830021538778,0.24595363710092782,0.3277021795242375,0.45195477017825386,0.4449352856260307,0.2072479585307072,-0.030701269704740554,-0.0006529423951317413,0.15160007608628787,0.2051511750303197,0.18785092076456825,0.18444435095914363,0.20056700222812102,0.18919206235803357,0.14904818748771764,0.1123618986675974,0.09397262774152637,0.05687315898626253,0.009108263153783519,0.0029301697884275314,0.039806875612451595,0.13737228336456592,0.15002291116885158,-0.3946219445026403
WI,0.010128166616193432,0.20763998969601222,4.9876780835873466e-05,0.5234747505894942,0.3579992372177359,0.07092134236454273,0.8294743526678456,0.28580505173420456,0.375,0.005,0.0,0.0,0.0015075118883953994,0.8154024083541589,0.6163993153260976,1.044523964544713,-0.2883047543041153,0.3366941842687735,0.28991778631441484,0.030536779817464256,-0.12715195540826119,-0.0005541399945472284,0.22809033183917948,0.2190938789870072,0.05152614839822116,0.059968796320004944,0.2549993572298928,0.34812619539529344,0.2746556612056913,0.24868094845844424,0.34439972089765936,0.3556110537221765,0.17679874595929151,-0.01431210180960467,-0.02064089598764897,0.07333869447509944,0.12919975522625451,0.14568014146376035,0.14705479107951888,0.1357130274664221,0.11844431489834856,0.09124491776186938,0.0675608468084424,0.05014418673124235,0.05268664413243944,0.055930620790233664,0.06268240237070002,0.04449898898628006,0.006675046388917593,-0.051786864041379374,-0.05051712164173931
WY,0.010128166616193432,0.20763998969601222,4.9876780835873466e-05,0.5234747505894942,0.3579992372177359,0.07092134236454273,0.8294743526678456,0.28580505173420456,0.375,0.005,0.0,0.0,0.0009409366543844959,1.1800155705384174,0.39170082809939644,1.0243761724886045,-0.5096649129485893,0.5868645620631063,0.5936171243589752,0.3646011344718577,0.1243683503851929,0.00794610055553771,0.025229480935341768,0.09095571627837826,0.15641515819475518,0.20978194786356816,0.22683449856284293,0.19615553205617112,0.14855726282909243,0.18397096271257624,0.3017244089801523,0.3156548057970017,0.13089745245885825,-0.0669334696270164,-0.08306894084377198,0.014802888408620915,0.11325032440810995,0.16193747534452832,0.13086543484599528,0.06525414409448865,0.026991304944768403,0.03142726090461798,0.05246698325030617,0.06552718321350263,0.07142148764922532,0.03632563252258782,-0.00783457474493192,-0.04827427906999737,-0.06675431011908936,0.03420921304085965,0.45871865883005025
PR,0.010128166616193432,0.20763998969601222,4.9876780835873466e-05,0.5234747505894942,0.3579992372177359,0.07092134236454273,0.8294743526678456,0.28580505173420456,0.375,0.005,0.0,0.0,0.004540884924871723,2.2868330115395983,4.787718676787513,0.7738628045442262,-0.17542896878166478,-0.15237440305321787,-0.13641907885492272,-0.1175718660802407,-0.0879562258633757,-0.01843033068079105,0.053198190266240133,0.0806258372546622,0.06141773202857651,0.027774965918640364,0.0037604455430025356,-0.03555941726651449,-0.08246047185899363,-0.07583287343614796,-0.014562552683102931,0.03914711202122591,0.019375099863457236,-0.05179767356816681,-0.13876078495692862,-0.1625552035153423,-0.10050894639687341,-0.020840515252957187,-0.03796737018531969,-0.08226477980176211,-0.05218444388091756,0.031214795275417376,0.03320490658055138,-0.04347032853077365,-0.08344187349630036,-0.0424351648774587,-0.0021705778004835912,-0.00951485725375492,-0.018047080123640223,-0.008917674793742846,0.003320986216943516
